height,address,token,amt
7009137,sif100fue9huqw0lclwr9ujgv6spg0yc0wqmzjwnfk,LUNA,3734.32214427209
7009137,sif100fue9huqw0lclwr9ujgv6spg0yc0wqmzjwnfk,UST,273.752087111907
7009137,sif100t8kjlk42ds77ksn58gztd5art7x0qg9qlwup,LUNA,1720.73792348783
7009137,sif10243m63dfdy9600dm7kwmwhc8ahu8u5ukwk5a4,LUNA,7577.9934154163
7009137,sif102flf20qhd07c3q89f50uxm39f9ljpv5zmwr82,LUNA,58210.2147921842
7009137,sif102rufcandsfud9y4r9c9qc84es9ugs70chnd87,LUNA,4122.36751446781
7009137,sif102vm3xy6phq8gtfev8rqlhlv86esf4dxmpsa4p,LUNA,31620.8965524567
7009137,sif104mh7qdutwx2zaf83mynjm8kklpj62cwg6s06y,LUNA,661.549749576929
7009137,sif105ytzzer2c6h63tfy9cu8x6sajclzzax60whlc,LUNA,1845255.60328754
7009137,sif107e4u22z0lzek6yjhh9rkwgjlzk9r3dqxm9jpw,LUNA,31639.0878496346
7009137,sif107my6f5pwnr37vhkunn5wq89jqmn3z54s8vcqr,LUNA,572272.460730728
7009137,sif107r0ylq95jdantsxr2v376s3mu0ufh6ge0tft8,LUNA,2264.14521024653
7009137,sif107r0ylq95jdantsxr2v376s3mu0ufh6ge0tft8,UST,43.8831434122663
7009137,sif107wlkmfc00wgal7q6s034k3ldygdren0s35393,LUNA,4222.37345896444
7009137,sif107xdynmgqgywf5d6v8cgqhfsuld0yptm0mnymw,LUNA,1357.58056454094
7009137,sif108d3l7ms0ymy2yr9zty4766dtan5643t5alw4z,LUNA,21798.7454680009
7009137,sif1090jyldg7sghahexjwl866rsccx90fqaer4cz8,LUNA,74.2802853694676
7009137,sif109at9zm0mt7ktlv55j9lmu7wa4gxv00ezfrum5,LUNA,413117.248021082
7009137,sif10datnnlcjmrdl37ka0g4u83chvxpfafmjsdlpz,LUNA,1045.46669416295
7009137,sif10dvaa7x4fts84zmsll9q7lcd7mzuxlv7zsg799,LUNA,8629.6699706986
7009137,sif10e86kurls8ela3mkvqlfphhcqz5pdseuca762q,LUNA,2734.37179237316
7009137,sif10f743f8p3ry7w77cget3p0085v5w56sap95tyg,LUNA,59812.4731553789
7009137,sif10fk70frhz3qlzl229kkqkhdu5hpvys0nd44eh3,LUNA,161265.128784463
7009137,sif10g7gnkcwmyppgyulxfrtvt8n4e5e4kqvq467uc,LUNA,1216.73853880272
7009137,sif10gwvcflwgmyjenuyd3g9e4m8fg6wqvfrlggvmg,LUNA,842.261147423736
7009137,sif10hltqp3ydy2pp942c9dyr3erur7hqve2mjxdn2,LUNA,838.694331787197
7009137,sif10jfpjtjnxqey98dt5n6qhtra66zpv6z7vpmrja,UST,5.14158524099135
7009137,sif10juswy96kzgz7n3rvecv9t34eplsspyd89fm69,UST,0.247895309160262
7009137,sif10kccu43rr34y6lpcg435nnm42pczu9my29e5xu,LUNA,2113.5151480633
7009137,sif10mrevq3wafxu3v7e4rpkvcxskk660v898y63fh,LUNA,668.640264790381
7009137,sif10ncyw730tp5x4ev00jcrkudmjln67h57lmdj35,LUNA,830.961659313901
7009137,sif10njv0f7dclaccrznnrmdhgrxwg7wfazfl63hme,LUNA,49049.8271587707
7009137,sif10pqeld6k0jq4kefkd9mnzpjytgmszcp6lqpuvc,LUNA,9250.25421576004
7009137,sif10r3n9z7499xl6suceevsqynmdqxv9r59vwzv5j,LUNA,447.558250536305
7009137,sif10t7xnzw2pffndfyjv0wgkltwtxdj5sx5kpg65y,LUNA,707.352827314113
7009137,sif10vft37jyx66nwsntz05l6rp5y0e0y4sy5nhmfv,LUNA,1940507.84420616
7009137,sif10vft37jyx66nwsntz05l6rp5y0e0y4sy5nhmfv,UST,12740.3370752804
7009137,sif10vjcyw06kvpjceuq0lwekxmfq74rx5u9v35guh,LUNA,116332.450109347
7009137,sif10w436et4jdu3ap4kw446juhrv0g3tlv0m723k9,LUNA,3843.19224117903
7009137,sif10wrd8yam85ygvaxsaka5u257aaztqtz7jqmppn,LUNA,1931.47522395014
7009137,sif10xjpyfydl5203percy2ffltwq0rhfhwv4d2zhr,LUNA,220.835934536459
7009137,sif10z5u02ugrkqgfzzj774xch5xfmfyjnuad02v2m,LUNA,572.343238832385
7009137,sif10zhh697kzspj3aeme34qyye9xkmp2hfhtltrpr,LUNA,57037.5057526621
7009137,sif10zthwk3p6dnst3z2q3t6r55sgddlvef83dgk6a,LUNA,592946.588650891
7009137,sif122atfyf5f6utduzqtn93wu29k935cdzdvr7fes,LUNA,2893.91283527465
7009137,sif1233l6c44ummv50al4efzcrwfvh89uekl5n37k9,LUNA,33299.2381323969
7009137,sif1237dyvth38gr8zkkqpylvxchvzqqkehcd8r4y4,LUNA,365.856817247096
7009137,sif1237dyvth38gr8zkkqpylvxchvzqqkehcd8r4y4,UST,3.11064857753609
7009137,sif123scuwjkz9v778sruaymudvvsfgv0a8wgyh8uu,LUNA,6250.69377756659
7009137,sif12400gu9wjm9q8rtzs2r00ddcfkzfyt0m25wk3j,LUNA,27475.8678968158
7009137,sif125ax3as6hzhc7j3syrmn9r8208444yyjgqqxcj,LUNA,14562.0009420255
7009137,sif125fdtyslj2dk4zvx4zytdkz6teh0nmaaegp7ft,LUNA,9524.47151628887
7009137,sif125fdtyslj2dk4zvx4zytdkz6teh0nmaaegp7ft,UST,132.372996127262
7009137,sif125ju95u45dj6cq9cnn4j9cte3yufmzx4kjwngj,LUNA,35507.6127531755
7009137,sif127n9a7lw5nzwruk60uczq7klqfkn65qz3cmp5e,LUNA,26149.9301536755
7009137,sif12emuvygg9pre53daenkxkjcq52d648frjzchf3,LUNA,219267.335765991
7009137,sif12f0at5x9c9cpvkk9r7sc9rtf752kf3m6rh3w0d,UST,203.369407542566
7009137,sif12hw8lsjnc9ga8dmt6e24vvxvcds4hm9kfryj2w,LUNA,15183.5082124931
7009137,sif12hzgy7uc2p4ztwy7rc6zxyhplmr0h9pemc8h8p,LUNA,24154.7553899013
7009137,sif12luppuxdlw4qev2mkzv8x6z95xs9z3xfq4rlkf,LUNA,12165712.5517822
7009137,sif12mu3r83h9e042q5l0ffu5s04a8xd99jx8awded,UST,0.922266072717327
7009137,sif12n7jh6gtdc66azkvu6ajz6n95xzlz69dlehx78,LUNA,78563.6276608688
7009137,sif12nwk4ntp9ln2l98mrpar90ugvnyyh64a9gx6ml,LUNA,21088.9688312784
7009137,sif12qpkhyrgfgc829fhtf4ufs8q7tffapz2qdxura,UST,291.644150787283
7009137,sif12tw0x9995wpu0ag5h4wj36wjjnrm4qk2qhzawy,LUNA,361.929505278379
7009137,sif12u267h6uesc68ueujphxn8xl2gclnnm9vky0xz,LUNA,6377.13484071379
7009137,sif12uk22nzee0hgahzttujcdce78ax627asznh7yf,UST,31.4346839553603
7009137,sif12vevntkk8nv8qfyqr6c2hnndztt05p4ray3s82,UST,5.34051705756602
7009137,sif12xhccpjrvena8s9v5zq6lsuym85wy9v9leh48e,LUNA,6723.59966552947
7009137,sif12xununc7d4xfegzsaqvdvfaykht7n0zvjztm4e,LUNA,132155.459505841
7009137,sif12y4gqmav0sums6896s048a8l5nkrj76xap9rhw,LUNA,95.7141914933009
7009137,sif12yx6havlf3dxuwe7x23mrjtageeg8lnhnpmkw6,UST,1437.99027039198
7009137,sif12z7tx29u24f3eyz4gck5grv5ge623jxtt2ea20,LUNA,889898.307476891
7009137,sif12zyr4suhva7rvpggmwrcacgzcukpax97ewfk6x,LUNA,83827.8705678299
7009137,sif134sne96llys4rzxt0jayv0a4wleqk9my6pzp8q,LUNA,721.611080217066
7009137,sif136s45vlphx0zfjf4jzdc0hk2j6frxkpytdahhd,LUNA,2645.62529251556
7009137,sif137379gzpn3q66m8r42m4wct9whjkgljtdlqa8l,LUNA,437.99929406868
7009137,sif137tj8j7g220ceppqgc256nc7tnnd4r2038f88m,LUNA,11668.4971352822
7009137,sif138s8cmcw9wlmnyc23cl5gnurzkxgtrw2ffx79z,LUNA,10311.4025414633
7009137,sif138yjsaz40xurlayc50k448k2vemky4aghnqfn6,LUNA,16755.2226263203
7009137,sif13997464maaj2g29gus64wk0dv4ld4kpe3tag4l,LUNA,6615.38435638503
7009137,sif13am96rks85jdfudt80vgfg6s3mlj2nxxetjlst,LUNA,101787.343751227
7009137,sif13lmh7zyl4rtvvxyx9tszwfv4efsmfz7awvk58t,LUNA,83628.0276502455
7009137,sif13n4k5hsex4mdwc0vszcy4x4q0p22s6k3jr78k7,LUNA,33750.5880123621
7009137,sif13pk6a9425hyrt4madnuclqlg749nvgsvpk4zxt,LUNA,10108.3404623079
7009137,sif13pqwccswtsdc8s8fvs887x3fs5pc7wy0gjy7dx,LUNA,17650.7219601601
7009137,sif13rczvqzc8cl4935trlmf6p2df975wt4llc6e9t,LUNA,8.89364929371321
7009137,sif13uup3md785lsd74aws4hx2et052mferw24xzyj,LUNA,5500.09490241589
7009137,sif13uup3md785lsd74aws4hx2et052mferw24xzyj,UST,14.280856768004
7009137,sif13ve4n5ak0xydf0943lhlw6f4t4n8uesh9a9udk,LUNA,7417.2948035194
7009137,sif140mu3nahvhtug5vmm3rx4am2qvpvdlas2vyjnz,LUNA,7544.21865806727
7009137,sif142aee4y2wqmjaq3kgklrcayxmkyh7kuvqfl8x2,LUNA,108.699954188877
7009137,sif142qscfvcnr5h6ks0thjsvukfq4w5axg3rjqfa4,LUNA,190076.149617874
7009137,sif1439fw5gj93m9yk6dsdee6dwq0ewt0lx59n6v8e,LUNA,10765.7896204698
7009137,sif143z2459faf772e6sw3weh35dge88mjvsv6tsne,LUNA,12257.8316072725
7009137,sif144kr8tac8hnd80taspp4sqs6k36unmpeetdrye,LUNA,62510.4540094676
7009137,sif145d2maaz5nhv9xv0wjspn2hq2kzewuugyhupu5,LUNA,109255.120279046
7009137,sif145nse7ydghjz32vyxyzejyu4e6luvl6tkjr0ez,UST,11.8604505599124
7009137,sif145r02hdhaqc0t24ycegcfvtqn30dn3pesmj6t3,LUNA,0.0357481369826419
7009137,sif1468z0eqc769m5pwpuzua86d7zszwe8tp03m5vt,LUNA,46291.4446547841
7009137,sif1489kng4pynm5x2w4pj55e69rg847v2584965v5,UST,1.97269279751557
7009137,sif149c69yvzz8hfqd6tktl43cd363ge4azpllfrpj,LUNA,1422.74212269722
7009137,sif149dg08qu83r864syytnfsncyysyrkl872vup2h,LUNA,97150.9617313675
7009137,sif149jf83jhydmlu37e6xp6agk3vzzysdlvlljulv,LUNA,13836.7367852497
7009137,sif149s2gvrncljdrtqs44ff48nw4e3ly43hfkuymt,LUNA,2327.00856633294
7009137,sif14a58crcwrxf0ka2wgkytevaxj695t0tp0pqsr4,UST,4.4766592159623
7009137,sif14dyagct9svcxwzaayushffhgtn297ku28sm8ad,UST,0.88106843855548
7009137,sif14erawwyl58aqepm23u8da6sgg7q7emxd2pfq6v,LUNA,120858.368631744
7009137,sif14feenh5q5r9ru75w527vdm3jdmaxnm94xjqjnn,LUNA,1512.37222747583
7009137,sif14gzyqslyztvewsddlhx7zsfjjj24vvxcjjrszd,LUNA,22022.9225799826
7009137,sif14hxuwcl6cyz76xgsfxjueekg9de6a0l3n4u2p7,LUNA,98564.7194196671
7009137,sif14lprnly05m2zak4rv0law2klngtl3efw5pr7du,LUNA,14364.41317991
7009137,sif14myxrwd0eskczfthtnate2ag8puuwmhmxsl3dc,UST,586.195827964018
7009137,sif14q60cfz4nm52wru8ue8r3vl9f2v75hj8jlnq9k,LUNA,3920.80169771696
7009137,sif14rcw3sh7rn9m3v6d3pa2vkzlnl8xjd6nx8wy7j,LUNA,293.323372334516
7009137,sif14sk9607pdfjufnnz8c3l7te0rp8jtk8u7fzlpl,LUNA,202663.372019968
7009137,sif14stne8lgf6nujnl0p2pq74q6uwch6x48tmyk24,LUNA,44152.7823191829
7009137,sif14sxyxex66kmqjyyyrdwq8eker6h4ajamms0lmq,LUNA,1898.45921907329
7009137,sif14ug2kqr858h0xslszu3ghz9fpr5sxvhqcve4dv,UST,87.1196231372621
7009137,sif14vh0vpc3nwayca5ce8hxyhq9gxuwe936tu7mlf,LUNA,6343.38202599307
7009137,sif14wc2gr5tx69vrqreyfwzv33afz7nd7chzhruke,LUNA,35786.2248424177
7009137,sif14wnuhpgkzgnh7z908dsukskn7yujmr8lg24uuc,LUNA,74651.7615377546
7009137,sif14x4pv78ujvapm0r6u77ej64p57wylw5c8c67wl,LUNA,1900.24753803541
7009137,sif14xcfa066ncyyrv790hjhtwsa2f03e33tc2xa4h,UST,3.46991655971043
7009137,sif14z4dycvty3we2hue6m8lcf6ce5glyjcnd00l8k,LUNA,9413.62455780788
7009137,sif150qz7esrtr0fslz9r333rd0wu2xdz9vhzr7shs,LUNA,1408888.19606545
7009137,sif1529vz0hjq4hazhscx6ccgfyx02hel8ua7rgqh7,LUNA,3.74465015225766
7009137,sif1529vz0hjq4hazhscx6ccgfyx02hel8ua7rgqh7,UST,0.0842634089208758
7009137,sif152syl3lay359x5zfgmm9hxq8w8wvlvsa2g6uku,LUNA,79267.0074639148
7009137,sif155yjamlk2csdudgz99s4th2d3jfqgwuf3ahkgx,LUNA,36394.3420717113
7009137,sif1562ptfzxyhytrwc9j2z7ag3hxnp7jam9shw6d0,LUNA,4333.30507911985
7009137,sif156ecuuanf460l3d6w6rfy8hyn0jzzqy3qh40fr,LUNA,22341.9658384637
7009137,sif156rk9wdr75vyw8fczrmnp50akxvgul2p5kkdlv,LUNA,10020.4467081294
7009137,sif15897vt8mt7pnpxwyck0hldqfxsj0rmx6xvs5n3,LUNA,690.232369595617
7009137,sif15a5fa2z9ze5km42gvnshxlf7h5ancwczucdal0,LUNA,5331.2156022258
7009137,sif15ahmd5zgvh80vclhs6xuu56yz6zv9kpz0260ka,LUNA,9348.45815779652
7009137,sif15ahmd5zgvh80vclhs6xuu56yz6zv9kpz0260ka,UST,99.2129101508376
7009137,sif15am7gfqewp9f233dssfhgm587uuph4vwuqt5ch,LUNA,15636.1309007975
7009137,sif15cg5gn8jrk69zerp557evnevu4m0dah2djuyh2,LUNA,1481.53672986975
7009137,sif15ckeufu2fflrjw46auglgf8vzplj0erm4qpus9,LUNA,6008.42031355542
7009137,sif15d5jypc4p9ysvf97zmx9w9nmw7aqpx9xgyyadw,LUNA,5429.54229299645
7009137,sif15dq7j22nkxlq97ukuhl5g5haat8zujpnecdrdq,LUNA,10303.5831393921
7009137,sif15emzc7qqj2cmp3sef203sz5zunmrstm8dhju4h,LUNA,18037.8307613256
7009137,sif15erwmkz0cgz92qvck6fhj776d6xa3el3tw2jnh,LUNA,3039.26809860621
7009137,sif15fnaj6thpcvgump8xq0flnuqpwhjyh46rlzjgx,LUNA,39817.6097108461
7009137,sif15j7g66x5y99d9kjs0zvkvejgyhpgfaelq0d7me,LUNA,1274.73710761101
7009137,sif15m02fkk5cr2dw9jh8zqf8a8zfduy43tj4zc7rn,LUNA,12303.1782298973
7009137,sif15m8wt8hlg53qz65c8lrg09h939geppqf8gtvce,LUNA,25016.9754281353
7009137,sif15mmgzuzjmhk4wmvt8553anr0kvma79phcv69yn,LUNA,10039.8987801109
7009137,sif15nf3np9rr7lse96mcd4ay00a7me23dwpnpj65v,LUNA,27240.1651397108
7009137,sif15pmclsa8r9ry0c3lqmmzj9vvsww4hfvk62alht,LUNA,490.534859666692
7009137,sif15qhf8vqz7ghxeqtgjwq6rtg5ktnw7vwuxrjppx,LUNA,45830.3733627724
7009137,sif15seq4vxjfjgx9xhxug0vdwxgyed4cet7snsh80,LUNA,1521.5617108473
7009137,sif15smf3afhmhaln5sccunuqy4v7dsz0fhq42gmmv,LUNA,44049.2434947369
7009137,sif15sxd33p67wyn37zz5yn0jpheeq8kkdnvlnqula,LUNA,140154.874101165
7009137,sif15t6d6dj89aap55a5uzsefqukd2hajspccyma8s,LUNA,239123.7994462
7009137,sif15tak0zj64uq7z8ak22mdppcr60pg5jwchu4e9f,LUNA,4756.59796560624
7009137,sif15tjz5wfayf632s6n94kc0x44vjzau430ahprt6,LUNA,11613.2865066476
7009137,sif15ul4ayz9zsw5vytju2ec8lz2cpsm8prd5nppxa,UST,1655.58235762724
7009137,sif15uw5aglq2t4pw05v3l0fkfp4gt49yty9gqthga,LUNA,29.6094281163895
7009137,sif160pcsd32g0d6m9tw7aqwz5eqm90xegmqhrr03v,LUNA,31625.3161251923
7009137,sif1625u948m344hkn79pu92t720zekpruxdqfkf8z,LUNA,92748.3057089922
7009137,sif1628r4krd0qjamxnf5j2qu40wnvelyx9cv2wppl,LUNA,8273.12381458949
7009137,sif163n9hdq2uhvw80q99mxemdgu9hw8gp4h4v8h04,LUNA,349.757049140314
7009137,sif164syx92349k4n867eumnkpspw70pepxfgg0w3w,LUNA,619.445825289672
7009137,sif166jymkhyuyld6l63clhwrp2fup80rq64cj0ej8,LUNA,48564.6154659218
7009137,sif167gqt2qjjp4uc5c88dyfl2a0zncqnsv8t609w6,LUNA,68470.9461000502
7009137,sif167gqt2qjjp4uc5c88dyfl2a0zncqnsv8t609w6,UST,204.005327943938
7009137,sif169sum6v42ctvrdqgl4q9xz85ykdufpvd95k5se,LUNA,1144.3126693807
7009137,sif16a4wnhe0qmre0qt4qxlwk4puqncjctuqthm0g3,LUNA,5467.21113437857
7009137,sif16ad4zmk2rdqwn3vwmz6kdgwjwvdn6reyxd572k,LUNA,298.68104500419
7009137,sif16d33ht6cwcl8hy62jy542pn2q637xzg5uq9rhx,LUNA,9522.10966119444
7009137,sif16d33ht6cwcl8hy62jy542pn2q637xzg5uq9rhx,UST,58.4661394624177
7009137,sif16ewhge0trvah25e6xvnadu0m567ladf9p588vq,LUNA,19851.9547175523
7009137,sif16gev24ahu9yl5k23jel8354vzd9jwhaxfkcyxv,LUNA,12960.4222269651
7009137,sif16gngua9g8k88xsp5ly39fg7pp25ffe9fsq995w,LUNA,122816.168928935
7009137,sif16gngua9g8k88xsp5ly39fg7pp25ffe9fsq995w,UST,10.8904644195489
7009137,sif16h82y8sqhsvk6ezt8yz32h04f69x659xkny6ar,LUNA,5536.71811643414
7009137,sif16herknehr8dunlkdra9sda706nljl8cfd3e0x0,LUNA,23673.0936084004
7009137,sif16hmsn7f0ul2rdz55gjlktfc9j390cstzz9h3at,LUNA,3674.48662933531
7009137,sif16j9u4u7u84wm3w09aed06uuktu2y4efz4srkwu,LUNA,2618.54862867675
7009137,sif16mhxuq273lrzzy0rcxlca5s0s2j44akh0snc7p,UST,183.003346902266
7009137,sif16qdegwlj705qzc7svnww9dqzze7m2dv8j799ut,LUNA,4522.99696155358
7009137,sif16s94n689w54l98w4tjuhk5a54v6uxswds9wrn2,LUNA,49549.129982031
7009137,sif16sg2ktk7etgcd9c8u27079eh6e6r60zyuvx3nn,LUNA,20283.4438149105
7009137,sif16sk5s7p4ywuptn4swm6w4pf20evtw3jlmhky5a,LUNA,39548.9321721491
7009137,sif16tlr25rml0xwj8y3d83eqdtak9gdv4zedly4t6,LUNA,3935.88477120502
7009137,sif16uydz9xqzf7we8sd4jy9a6z4ve9j8tvmq3cfys,LUNA,1334828.76150071
7009137,sif16vg279vhgempqyl8q5pr03fpqz7d7f05p2zcwv,LUNA,1114.36009837412
7009137,sif16x44lpmd2t9mm5srhyq53ac4e5r0mx4m4qn70z,LUNA,2.95114320315621
7009137,sif16x53h0n7v02z29ry4alghkyvrzxwudg5h2nqy8,UST,0.65959111374326
7009137,sif16xt5rkk5qgtzc994svuyq4k4ardcjrtzay4h04,LUNA,612.664852161562
7009137,sif16zs53whzuydl50pptd9cx8w5f22tfqa3yxzt53,UST,364.438183911444
7009137,sif16zzyyzpy09m42dah3evq3q757rkgwdtdy9xts8,LUNA,43098.2762798811
7009137,sif17250w9jjky24rqwynel2gx99f0fc3kdd6dhc8s,LUNA,24065.6552926413
7009137,sif173hsdaruk7rudn5w98jlhh0gvqr7mfqax94j9j,LUNA,274926.921097625
7009137,sif173tejf89c2xnqu4a9mnnv0zujfsx6a5gtcjd5h,LUNA,1701.47738793309
7009137,sif174c08045gu4lt5fzsm0nspfev9afwykr07xrfz,LUNA,245096.509531142
7009137,sif174tvh2dty7vsvwn2cfsmkwq8tplqgr5fhrgu0e,LUNA,124869.215539161
7009137,sif175mfxd35dqzwyxvtr5gekkjl4f09a98k89fvpc,UST,34.1711914298127
7009137,sif175y0n34qt7mrzm8k5rn8d4c9arqqqczkcduer2,LUNA,114903.407621532
7009137,sif177ezfyqwafvtj23yzs42g8tee3a7um45mp7r5u,LUNA,962.330074311164
7009137,sif177kgktq3f5mj7cyrdlnhvt9rn0uagdep4xqhha,LUNA,981600.299536661
7009137,sif177sg38evrwd8j2xnl5w0h320utph0dghpltk0h,LUNA,18066.1360008843
7009137,sif178qfrg5f2qu3nslxzz4fz29zmjl9cdhnsenz8l,UST,34.930807261073
7009137,sif179774zrn5paywpd6p4kspcruaacj54g4nqy55l,LUNA,84732.2200131419
7009137,sif17a3y5k03zkj7gxeh2s8vvkkvv5erjappjun4xr,LUNA,192.577692778368
7009137,sif17a6wlqksl4l0dg8dw07rfs2cyfgalarvnuzfp7,LUNA,2180.1370147525
7009137,sif17dhhwy58x4ff0xz4a4l834442pa0lm0u5cs0qf,LUNA,11890.4770599594
7009137,sif17e9jsdecj8ls2xxngw4u05wwcqntllygjvgegz,LUNA,1115.82601506114
7009137,sif17gcjrr7keuyqma7cq2y5u5x38lxr2wkackzkzr,LUNA,13479.3361252963
7009137,sif17gg0twymd2zeer3e2fpa09pwguul8hrfht2jn0,UST,0.294126465041742
7009137,sif17gmtgfuy9vxnfrpz03g28k95f3tl9altfxwdz5,LUNA,220552.039743086
7009137,sif17gqlvelgzgexr2s9x4zu6tq2w5sl2rqwh638sv,LUNA,19661.9862956284
7009137,sif17hdte7ng7qnfshlu89hk2lhza6hck3wsnezf0h,LUNA,29555.8827872719
7009137,sif17hlfgkzf4n3c8kxzqea7pz7ga0nx30h5zmzsr6,LUNA,301.146464104687
7009137,sif17hpe7v99tk4e88l35gpy6836sanmqde2ru54fn,LUNA,7426.85788928972
7009137,sif17lylkfrex48yuewd3dw2j9vned3wgqcgmm0h2g,LUNA,227.120650120486
7009137,sif17m4804kq3yd74p090fcm6dg44vp8xq2duk2rzx,LUNA,114.347642587153
7009137,sif17m4804kq3yd74p090fcm6dg44vp8xq2duk2rzx,UST,1.94314437505712
7009137,sif17mjcsexxlq8yh8jtrl248flwmtljm4t2lse96z,UST,9.34554688032146
7009137,sif17nqqd8fuafxrp6y22hywm5uqqj74rnp0tz3lcy,LUNA,7705.88255067289
7009137,sif17qc3ms3pcmh0svlu0lkamzw622fdvt6pmvffd8,LUNA,269.614650603128
7009137,sif17qx3lv4r08p4zw3g4lfekznrw0jyq2qtclucjk,LUNA,3331.10627493324
7009137,sif17s6ucafgwc9khrvgphemalcuxz2lv2ucqkzd30,LUNA,424930.811130808
7009137,sif17taxj6gs0asrjpqzdxzxsrk0zdt2e4llvzmkwh,LUNA,3799.95060087334
7009137,sif17u6cdrkjspru7ga6t569vqu2yvncs8zr9ejeel,LUNA,20732.6882150669
7009137,sif17u8865utnus9u90x5ldut6d8gsmxjl5ygyjnxx,LUNA,14933.5592677569
7009137,sif17v4ea9ur5avau4fvftwsrpcysfqh55gykyg736,LUNA,3270.49011483022
7009137,sif17vdxx6xfmv8tfpuvsmarsa2qemfzk6wqzf20ev,LUNA,14338.1293073391
7009137,sif17vwhmahtp8zu7r25rzk2apatnfng6uuyug9zvt,LUNA,34679.9136942025
7009137,sif17wc2zt5j7m5txz5ylcyjlk0ljv4szf4t6w38rl,LUNA,7572.06676782388
7009137,sif17wfg80dn2muzdpj550n2k4wc5nanlr9wyudkv7,LUNA,2658455.80902403
7009137,sif17xfpkp90waa9e3743gye6e0kemxr720eqwf2uv,LUNA,78563.6918192127
7009137,sif17xg0zkhxs4v50kxwmcjwngy65kaq75u786lflt,LUNA,150772.152810174
7009137,sif17y2pfytkhm0937wz535uxvvvqpp6d4t42h6hlr,LUNA,21320.8414290338
7009137,sif17y42tc3nxrtzcgafvcn4t6axnaxumxw39lhrgp,LUNA,74435.3721469224
7009137,sif17y553ft4kjw4rn2t0lup83469q4gyfuxecgnc2,UST,257.923652344224
7009137,sif17z9vgqdgcwdjm95edskg0gagkufdlut9h7c0gc,LUNA,448.266000194429
7009137,sif17z9vgqdgcwdjm95edskg0gagkufdlut9h7c0gc,UST,8.43837036676349
7009137,sif182d4fx786tal2wxl2jcymxe90ukynwqpwa5fm7,LUNA,1323.54999843052
7009137,sif182ttr6agx8xtmhgk8mjczzk03j4qd84g54ugcn,LUNA,6372.90130798211
7009137,sif1849wuenfy523gmx0tlf9krju4rmra8ecu727nz,LUNA,10900.5025615257
7009137,sif184fgl8jqlm4kc63stvax3jw4jw6y9ejsphxulj,LUNA,35289.008501929
7009137,sif184flzy33mgp8e5yqmu7r4rlu0eddsl2stzrt2z,LUNA,7199.0300813952
7009137,sif1850jsqvx54zl0urkav9tvee20j8r5fqj8405na,LUNA,2317.50418149043
7009137,sif186vcaenck67ulrezmp4q49eljs6ygykmtz39yq,LUNA,4379388.32054126
7009137,sif187w9vdtxc6lsr6ju7vpqgwefzz24ru62ef8pxh,LUNA,4056.89454385805
7009137,sif1887ye8m4u60rm8fct7vm8a305sahl3gjrrle43,LUNA,116.228227717425
7009137,sif188zumy54u8fpwqlk3yd8ektv95jgy99ermcnhx,LUNA,33288.1200778098
7009137,sif189z4wkct0a6h565xxszjhprycj86hg6emjm7l3,LUNA,137096.222074846
7009137,sif18a6aqwqmm2ltfjkh4w8ya0z5yx5grra3xxzazy,LUNA,1791.78318413914
7009137,sif18cc7pcnxqxnsamu9j69lnvzdtc4hqdf932lh5t,LUNA,278.986883094865
7009137,sif18ezt69zquk4c3jsmr6nm0fygqd9ruq0e3wu7hu,LUNA,76114.4153493182
7009137,sif18fk8pzdg36gwnkheuwaekwag0p69ed8cfdc42e,LUNA,2534.23914915075
7009137,sif18fzene4sxx7t4852lhwyhwhan9h4yjrse8ckqv,LUNA,63.6991073684949
7009137,sif18fzene4sxx7t4852lhwyhwhan9h4yjrse8ckqv,UST,1.22524624681443
7009137,sif18gwsk42szespz5uguj28fnvr7p95qptd3dagf4,LUNA,1822.23187485701
7009137,sif18hzjh8n5vvezlqcleg8gz847hz2n6htxpnadv0,LUNA,177168.768985517
7009137,sif18jkq8aws4e53qanhyrxjstdzmp7hee6j7qpu3y,LUNA,293349.130587723
7009137,sif18jlkmt8dyl5c43ljdvjnv29urrn2x4rktkyvm6,UST,6.75410283587281
7009137,sif18kseu0lmxgx2e8q6zugvl5ytgp8pq2gwrq0f7f,LUNA,11209.3155951727
7009137,sif18l27utasql54txjrqntzh6y323v7pqzmpe54xr,LUNA,7107.7800019862
7009137,sif18nd0zxtt22c83sla2ydc2duw7vu09wtzffyr7u,UST,1129.36891337339
7009137,sif18tzwgdcfa5zhzmzarn8q8meu5582ex5mzghv7l,LUNA,1185.72753322972
7009137,sif18unq7teevpajctukhjnvhjatvmelp5ctm0n8hk,LUNA,3131358.00617116
7009137,sif18vwn2qw03wduk3zjzdsfjydrppepczanc3u2za,LUNA,10038.0043354646
7009137,sif18w542ude3pg9qttmf2w6s53x8nxgvjddrhk2zu,LUNA,229858.992976143
7009137,sif18x38pk6esynn6flrw9mfdpngmtusaaspp34a3u,LUNA,41564.9668394587
7009137,sif18xxvy9mzvhyzkftj7w9ldqy7t4nwx8durrkmkz,LUNA,1105278.14360013
7009137,sif18zxppu2w6k3udacrfnvngad48tjl6gzwftskmf,LUNA,182407.256403079
7009137,sif193mmplhz4y2qfj5kdh7clhx4xck83qvmgyrcrz,LUNA,1996.56696376129
7009137,sif194swukntjr22803e7j73tssvcnrchpg329xu4q,LUNA,3905.80672558134
7009137,sif1958qketm6gt76dkllkrnlz0tln7n3ps7nwq9r6,LUNA,9.65602306167034
7009137,sif195929rxw30rqjrcfvfc8ncsgugnpv49rgnhsy6,LUNA,1117.12210262292
7009137,sif196smarx6cautnetnd4y2fgtta350c082fpmgy3,LUNA,268.513374688757
7009137,sif197t7sfkavh7ep3jfqq8wp8hrkpw6st9s5u7f2r,LUNA,23.8180478263099
7009137,sif198xgde4nuzhnm2ll8e7n9p3q74mkads0m6eg9k,LUNA,135.955695921078
7009137,sif19av3wwxqmfnllw4gc94tp95yufd2nktzz6wkq8,LUNA,519.783192715165
7009137,sif19c0e6hl40a9cde8rlll48tdnh3ajq7szyejzaw,UST,58.5339118387149
7009137,sif19cxlfvlpvztv62fr850gwdw6ttq32elvpshwkg,LUNA,2010.06177357845
7009137,sif19dcd37nwu9325sk4m3a7h5wt5ave0d8junjyzz,UST,1818.41990640314
7009137,sif19dkuu5x6ujzh7cctw89fwc38tgm3jv2v80mf97,LUNA,29054.3108474091
7009137,sif19e49536m0rjvy3pfzqtn8x5uzrmf2v9dkrftd5,LUNA,520.353113263084
7009137,sif19fc22a6lqq5m37tsynt6jypt0e76r0j8vsd36s,LUNA,450235.298110322
7009137,sif19jly2mmwygll740gfnq2n0rh6ztzhkwwxzqm8c,LUNA,371247.317078606
7009137,sif19kymcxye8slavj2d3dnja0efm49d6ftps64ext,UST,215.756799078593
7009137,sif19lezakyp0kwsr97kmpvz56qpjvmet26fjkl6td,LUNA,26942.5839757935
7009137,sif19mrfdeq4gl6fx5srsu2w8a8f9vcxha8e0cwz6h,LUNA,81915.0542956716
7009137,sif19mrfdeq4gl6fx5srsu2w8a8f9vcxha8e0cwz6h,UST,2.66385145564133
7009137,sif19p5dw3a9ytj55j5zzwqz2klcam9ku36nycpthq,LUNA,32446.4001941518
7009137,sif19pvuc24ahjfrthwgqkkvquw9cwd9gt5wckk0mp,LUNA,3879.36395512623
7009137,sif19q5aqmhmqv8pvp9v7s2g4pzed2fn4umkysehu8,LUNA,54.468814543592
7009137,sif19sh8xhxk5fsd62pkrds0fqkhpc8j2gpjazt3nm,LUNA,7.80155946699318
7009137,sif19ssrgrwmq0wfff87mxvj43qd4h0t7s2f5q5zek,LUNA,5820.11606635359
7009137,sif19tm2nnw960kwjdd2y48cvce93z8wjz4ap6j28l,LUNA,6378.21063007311
7009137,sif19tpduz6j6s9pnekvwk73s4yjy79lxkgur63fay,LUNA,5008.98480241879
7009137,sif19upwq65afwwujwp9cclf8n50xrnx58avkxv232,LUNA,145.780369686133
7009137,sif19x276nf78fs56hf2hkpzfne59kl7els78wjrcm,LUNA,5017.56841772311
7009137,sif19y0q6r3stt3k2t9aye2tnyx6kpyq5gnmyc8u9d,LUNA,306612.835043074
7009137,sif19y4t4yq475kmrekszdaugkjx76kfdcs57fnln6,LUNA,49105.2116743554
7009137,sif19yhd5cvc6qys5wjpl36gth90cd8cw9uufj5ufx,LUNA,12927.8061685867
7009137,sif19zp4e5hgp09359m22rzjkm4g0pf33cmahggw8t,LUNA,487619.039630422
7009137,sif19zrtt2uncccycgcm9efgedu0hr27qfdv3j6572,LUNA,400.632875650027
7009137,sif1a0k6anjupd29c3hgwzt27ph2z93h7was4y85ka,LUNA,21239.3976854842
7009137,sif1a0r2xe6fzh76h9ur84pdmca9adw9607zceekcj,LUNA,322447.155645598
7009137,sif1a29w32da3fz2deemfxvl78smu4zhvfzqscvmwf,LUNA,592943.302702516
7009137,sif1a3zun42nqqywgaxx2yv2za2cjq82w3g2t4x4ug,LUNA,10791.3195779141
7009137,sif1a40hpvakd2r0szykxelzdqhjmeghjgr0y5er69,LUNA,368343.385631842
7009137,sif1a428e89py33zxqjttzhmggwvjx8uw6q2u0hsk2,LUNA,1999.02429992456
7009137,sif1a4knc7pzjqrfw8v9sa454tcwnkfy0awthxg09r,LUNA,2328.10247664207
7009137,sif1a5t7tvjf54yrawxekg84ke8aycetcqall9jkjm,LUNA,29020.023642715
7009137,sif1a6etlsall04x0fyharsg375hyjvxu0ykrcranq,LUNA,56416.0121033929
7009137,sif1a9g6pu700s52jnjde77ec08knww0630crk4cu3,LUNA,3685.22233460497
7009137,sif1a9l56d7j53qwx69jjwmcq0s3y6hukeeqdrfjp4,LUNA,63903.6910208888
7009137,sif1ac2n020sqac6ku5np7zukd0y22z4r46uw0a64m,LUNA,13794.144392747
7009137,sif1adaykd8atzutj6uza2zw77479nwfn8t4jg589x,LUNA,263336.147713049
7009137,sif1adygrue3xj900ynhrflsyvnushyf7hcm2n3p94,LUNA,25499.3872915777
7009137,sif1ae9rkls2x3wx9rrl8qt2dk9hk7yw2wgu5cxvtp,LUNA,26035.3982604954
7009137,sif1ag630cs8yd5mhqlm2hx75agmru43kxdlgl4tvx,UST,0.144929146239831
7009137,sif1ag68d29shrq9z72vxrsfz3guh9cxr5ql2h0cul,LUNA,108518.806004478
7009137,sif1ah8a8pkver7nhhyqpr8xkycdw5tnnu4084mkyp,LUNA,10603.162990975
7009137,sif1ahhqlt2cnj0dwudu7dwc0cc03dw52x7mlgwd6x,LUNA,6229.78474582997
7009137,sif1ajdtjhnxc96359dcqdqnknw0fnx232nslz2zvm,LUNA,331677.748521481
7009137,sif1ajpm3e98uy408eg0npx9j4875zxmxnkpej3752,LUNA,382.859491981613
7009137,sif1akmpcjrnwudpexmrdh59ztx7t6a7rzt495r7g3,LUNA,138.879752957651
7009137,sif1amhxnseg3ysjhg0kmyfrt6mfhmkr0u9d9a4fdz,UST,3.27008671337243
7009137,sif1anfwxehwuvnxzyzaz292p2d38pu0cwvshux0tx,LUNA,165369.46451155
7009137,sif1anfwxehwuvnxzyzaz292p2d38pu0cwvshux0tx,UST,3028.59125560918
7009137,sif1anpjq3zr4pwgaz2dmrkedp5rnapzf6rm6jv3km,LUNA,18717.7311955799
7009137,sif1anxpr44m7qtyjwzzmsjw5llu06sjtp3cclm3ul,LUNA,64.3957604267559
7009137,sif1apz5v4xp2j92kwrvw75c5ke26ez7qd4kjd3ytn,LUNA,441.208006535514
7009137,sif1aqyrcq6ve0ljz2dufqrhqk2g40a8535qy3yt4q,LUNA,189478.742008662
7009137,sif1ar3tcy3mjxr5zuywg9falcrwn7gd5gwhm62x0y,LUNA,1206.78822214288
7009137,sif1ashjyc9c26ney0cqn9mfw7g9yqw7vr3xlgsn70,LUNA,6375.62003630438
7009137,sif1asrupfzjyepcjhafz2fjcz63wtslj4uehxyg2a,LUNA,14990.0953008769
7009137,sif1atmn6u6jkprkzwka370dxx3u24rgp6lvvweaa8,LUNA,11.6630649707991
7009137,sif1ax9dyhck6xljxm6j4dnl4lwez0n0cyaqpqyhaq,LUNA,55611.2374766753
7009137,sif1axc42wfxea0nc5stsg53s9fq0camjz7pwq4wyx,LUNA,8179.34661082485
7009137,sif1axqe3vc09fu6908ze7vcz0ns8deyszd29qk30g,LUNA,63064.6436856242
7009137,sif1ayg6nms30a2lkyztgyyysruk3hqnmpgkryqea3,LUNA,28300.0453658587
7009137,sif1c2y4khk54xj8u7kjk9qf5wfcpgkzqwje2ufd7m,LUNA,249.200695445941
7009137,sif1c3vrmm2ru0x4upvl4jdlzdx26tsjcxy92tgynz,LUNA,20817.0450031444
7009137,sif1c7q89la843534laxqc800ruy7mvnv3sav4vvhj,LUNA,362.854677789382
7009137,sif1c8r5jpwjskale4787fnm5llrt5tgg9sd0zzduc,LUNA,408636.705154988
7009137,sif1c9425q75nyrtaa7tlxppu3smecd9we303kh2p4,LUNA,29150.6658436386
7009137,sif1c96eksd5r6kea3l83h2rzu0j6427eerr4yqf2v,LUNA,51.8176827727035
7009137,sif1c96eksd5r6kea3l83h2rzu0j6427eerr4yqf2v,UST,0.34722139584032
7009137,sif1cad936xgfnu64ay72wvurrr5la4k9g02xhlajy,LUNA,8890.72919068223
7009137,sif1cah4s550rj4f6knwxgtk433l0d0wjdq7x5gw7z,LUNA,922.879461543147
7009137,sif1caqlzche2fhnyu9uapqfdkqspgfcvgnt8a4kel,LUNA,222.92620739617
7009137,sif1cawx6dgvk48e8t5kqccc562n9mrtjc9ndlnpk7,LUNA,126295.183921274
7009137,sif1cel0rlgsmsx9jgc8zjd4u3mk2wzrvf06qg4vpn,LUNA,58014.5620153299
7009137,sif1chj96wxwqtcxh3zwvchkp9mrrr5efekj9rz80m,UST,737.011505415197
7009137,sif1cjlq3c2lkffkhrf89y9ufd6upn3zdpghmc5r3d,LUNA,2856.35896450444
7009137,sif1cl28rvn90lzqz3cnxh7zgwte0uxp4h7cvdv0fp,LUNA,89660.8160710537
7009137,sif1clc89qws69rnchlcx2wp52ne522q3wutu2mev2,LUNA,10181.2733044309
7009137,sif1clr53aq9a25xmjfnylx26qkkzxy4rqf6rh2sae,LUNA,5762.88969426838
7009137,sif1cm5mrvwkhuyjw94m84aafx5c8sfs2jg4xdzjjh,LUNA,4493.91241890632
7009137,sif1cpr25y47tltjhlkqn3yf4j2xrd4mxvf3lh7gu2,LUNA,49992.0897385882
7009137,sif1cq72wx9dzydxc7dw7h6y66ess7cufreep4rwqd,LUNA,39489.5222155659
7009137,sif1cujhq72xqa5t5pvz3zjn0rfqmdl2sl0hqf54p6,LUNA,3353.74469983602
7009137,sif1cwk6wgwwahh0uxtk4ldhrgzpsz2dy58gt7gmsy,LUNA,429.686085883334
7009137,sif1cwmrs2h6wxupp2p38ehy7rsnnry4jhf5zeux4k,LUNA,438.018029195472
7009137,sif1cwmrs2h6wxupp2p38ehy7rsnnry4jhf5zeux4k,UST,7.20792794399286
7009137,sif1cwzc94hpzqa6gsqzg4qtncarcwn29n0qna62tn,LUNA,1358.79959983937
7009137,sif1cx2kf04thmqjqefjtlpd9qp8swgfj7jxjpylau,LUNA,300.975069666501
7009137,sif1cyv0g9mplrmhak6v3967atum94cl8vng4y2se8,LUNA,45772.5466003869
7009137,sif1czdf2ds33f57thmu4v5negsqz4jmlu2u9j974r,LUNA,103153.997196583
7009137,sif1cznh45f72y7hqrvpvuwd5yqefe8gkry3gksggv,LUNA,329277.800592409
7009137,sif1d07jkzgjjrk59mawdrcaknvzf2tgvj9g2ttt7q,LUNA,665131.391832555
7009137,sif1d5kh79adp74ua0qnwv60pjvy3cc6cecu7858cz,LUNA,45.6388254385666
7009137,sif1d65jeqw3kvk6kegp9p2q3t358077062vskkw78,LUNA,126.752237617747
7009137,sif1d678szm3c0ufslzx2hj0tzmyqf5ccf34zgm3yw,UST,5.24399441567565
7009137,sif1d6rsvl8hznv0f5w5r22tplnpajekw4w53jrg98,LUNA,18732.4268529344
7009137,sif1d7wte546dg3me3vxx28ae3emzrrzpn8nnhdn5p,LUNA,105753.044893906
7009137,sif1d9t3x7pzg33s27rsth8ep8w4fuastry6sct76p,LUNA,20258.6000005538
7009137,sif1da49eye57cvlvln7h04q0mux7pdecszjmeg75l,LUNA,5608.91092172879
7009137,sif1dcjzf2sp2evs32r9qsx3x4kaqr7tt6vc0xw4zg,UST,181.312600311771
7009137,sif1dcx9l6xz3wq7g25uaed6rxeqxz2stsx5uh68ns,LUNA,93.2570033790658
7009137,sif1ddmmtady24ncs5z8k5tuqyvpcfvxjc6uj9dqpx,LUNA,5764.2296295279
7009137,sif1de7hqxvhztz8udt9yutxm5ypzyymhdftmejfty,LUNA,408910.660064663
7009137,sif1dedpjyjqycccuvwwt3uz9s7ql5kr3ceqewezez,LUNA,1652.70635571999
7009137,sif1devj628j03s265y0dw2zgws8x5jxxhj44d9lja,LUNA,12800.2421095372
7009137,sif1dkcujd77p27n3nw59y4y7tsqk92tnry5j3tz52,LUNA,101265.143209141
7009137,sif1dkzs68pzurlzx9qcz8lrkqlzzcw92kj647m666,LUNA,568925.839547169
7009137,sif1dl8e55ckujlq2g27stfxuzw6vtvne3gaenh4fp,LUNA,27849.4094276435
7009137,sif1dm3jjy57q9nlvflumdvwh2ne9ejfrvdzha89pr,LUNA,1606.40093767711
7009137,sif1dmy3hzq0jwmhwa309ha3zwveuzv32mztzftfkk,LUNA,4654.62321325156
7009137,sif1dnpmahv2v2zunvmnjauy74pqev7www7zhjlyzy,LUNA,20642.5834911638
7009137,sif1dp8pnper7ka76d5t987mg7fsqsqslh5q4uagsw,LUNA,8378.13281734798
7009137,sif1dpju5xcx7j80jf5ype427e2n6lm90x4vf262l2,LUNA,1784.20067362814
7009137,sif1dpsmtp26kfvxg87eh73hdj0j9cq62ddane8t60,LUNA,5259.88833965726
7009137,sif1dqcmpgk4k6epgzqvsnjvk78hcn9ac6wc0t9fml,LUNA,6636.39284742116
7009137,sif1dqcmpgk4k6epgzqvsnjvk78hcn9ac6wc0t9fml,UST,265.415418710394
7009137,sif1dsnau6w2xnzjh3c6drtg7k2wg5a394juq2pxun,LUNA,116543.485349768
7009137,sif1dtg2zjya66mc4asrnhnw562je2dnhyhyrt2na0,LUNA,188.74377693545
7009137,sif1dtym3252rkn7666xf48a0qs96cgav4rzhxyz0l,LUNA,67363.8801590031
7009137,sif1dwkcyrzzpt5dvqm9eyhygz7p52u7ce9h6nexdr,LUNA,3382.23583457684
7009137,sif1dwqhcsj9pjvrwfer860avk59hdrg0pw4w7ttah,LUNA,125124.680234178
7009137,sif1dxh7d7fuvjy43e0557mx6wwe4luyc0s20fw0qp,LUNA,5251.09776408892
7009137,sif1dyjj6wz0su0hryl0mdkwqlejsg85gsme476rjn,LUNA,560.987852384022
7009137,sif1dykvpk6xpa84ttzvlj9fx4kvgddp39ht4ea6g4,LUNA,29187.9701440788
7009137,sif1e08jz6eesstdr44jqzflpfhax7z0n23xyttr7h,LUNA,288179.977960135
7009137,sif1e0fafwjn3qp4s8g5zd6k8nz84tj9w6x8wrez6s,LUNA,23551.4244311744
7009137,sif1e0ty4g9w3shmku7qg9kfh4kr98wlfpae608ut4,LUNA,4830.7519774407
7009137,sif1e0v5ckrj4myvmtv8j34l44gs6nlgpdnqh4z6kh,UST,2.52635928047151
7009137,sif1e3muvyvmrycggjsy8dfjcytcfprxtag8rjfx4r,LUNA,2013.69670630192
7009137,sif1e4szdg39ya0c7xzpqerkcushu9uyhlerdetacx,LUNA,203773.0669377
7009137,sif1e59l0d89m9frvs82rzkcrzz9uw90tksc759v6z,LUNA,30565.6932963807
7009137,sif1e5d2r66yy6z5ju02728crg0t6ulmn06sxfulct,LUNA,88996.1494071696
7009137,sif1e5npqemhc9gwstm8dqlzl23a7fskz9mwnpvp06,LUNA,37530.7962122103
7009137,sif1e8ls9qgznqe4qk27c7lcmrmqtuzz89qcagm4a9,LUNA,2134.92219431034
7009137,sif1e8qch8fhs5seln80tz42r05q5ltsz0wv763q7x,UST,68.6086746892641
7009137,sif1ecmtr3l4s0cljy8c5jthsz06jkr0s7dyapdj7f,LUNA,938.63063537624
7009137,sif1eeghy7qkmgq6j5mjqqztf2lp377dzgnz72nhza,LUNA,47569.5803116784
7009137,sif1eeunx9e4sr5g0heyfqsnnmy983p7tndmxf8eu2,LUNA,33694.3484810779
7009137,sif1eevyyaeddw0adrcgv0masp0m77dkgw30y80dcv,LUNA,4525.02503936227
7009137,sif1efacgznxqk50cvwytnpy84ppk5k7qgckad0q5u,LUNA,19069.9156969683
7009137,sif1efe0gn83vcxwu4vfvcw4cxuy4awll2jn5wfdts,LUNA,12.196060850257
7009137,sif1ek0g34aj2sdd2h5w5y2ptk63dkkv00w5n8tffr,LUNA,381405.794787702
7009137,sif1ekh4xx3avp3cazwuzgwx077wm33f7c3d8vdwqf,LUNA,142.041047624092
7009137,sif1emeg5s0l604jwl00fjj75d935vn7z9uccze9pn,UST,323.532158814861
7009137,sif1emvhlx9trk8yxxgzamkkw7ppdltrqgr45sv52k,LUNA,50251.9460997928
7009137,sif1entd98ckj04wpdn8ce73ma87swvmgrk359ukuv,LUNA,678.213401923135
7009137,sif1eqs04tx24mt3tkvw8qqvug4fszztq7zjxh8884,UST,4.16191167779152
7009137,sif1eqxurdyuuwkzawuvrujgqpw8gvms7mp3z6s2yu,LUNA,986.579573433676
7009137,sif1es9af5w377rmy98ys7e59v3njhswmd3mgl4nk3,LUNA,190792.988571564
7009137,sif1es9af5w377rmy98ys7e59v3njhswmd3mgl4nk3,UST,3199.47060668479
7009137,sif1esmnszwrjj92d5jpzx8xfdsdl435dz5j5la5l7,LUNA,39870.2122799334
7009137,sif1euxgjekcjymz55vs945dy7wnu25xyezf7qgzqm,LUNA,1508.89854654856
7009137,sif1ewuhvlc89f9fac6jhrrkfv6ac3wqezhmp04rrs,LUNA,2704249.67332611
7009137,sif1exgtvqne7kq4nt2dgwv9hwc8q9spdkn3ec2gqm,LUNA,76479.5987551009
7009137,sif1exq55q0mdvqdzh55pj4y2gs7gpnry6dtxj9w7f,LUNA,8690.71281204669
7009137,sif1eycepzxnem2ud2cem38r7tlhgpmx3vsm9vqepz,LUNA,121.721287368477
7009137,sif1f2hcq38z5ynwsln07n7x7k0xed7eq0t7gyvury,LUNA,42563.935758541
7009137,sif1f337rvva0cmvgcluwl38q9kpltdtta5f8h9pxw,LUNA,3622.82780851024
7009137,sif1f3s062q52z568v0jwmspzg6tgzp8g6ftgmlxgx,LUNA,1212.81341331346
7009137,sif1f3s062q52z568v0jwmspzg6tgzp8g6ftgmlxgx,UST,47.702448958574
7009137,sif1f4fpk9hzcrqamg6l9tks73kf2s7t29jgjhg7un,LUNA,516131.153748547
7009137,sif1f4jmpk8qqehxxqg6pze5ytgg4xj68yeya24u5s,LUNA,606.114939677277
7009137,sif1f7tayx4wcav8vu22geh57wy9zv5c3ahytldmns,UST,29.7919965272344
7009137,sif1f9lcasjewrjwr27ctd7snzndtzycpm94z2dw7j,LUNA,20.8165743466281
7009137,sif1f9lhlq4p44sp4t6cx6q3a4kgmlaf8phm9pgwr9,LUNA,1534.64232967352
7009137,sif1f9uy5d0glyp5gh3c7vf8vrkethwt7rdqew3246,LUNA,30086.9107735611
7009137,sif1fa45h6nptds7w7mnhw4xmvs8r26px4k258hevm,LUNA,2545.9891987426
7009137,sif1favpt2c58al657sp6ug7t0ahz0tzlzp6xvvzz4,LUNA,194477.917883923
7009137,sif1fax4f4j49t3ekn0rz9znphfxgl725eqzhdw6nw,LUNA,3619.48162490169
7009137,sif1fcy3yg0ek8a9gzu20wzucmx80gzdhy3z8ck2n2,LUNA,34177.9976148231
7009137,sif1fd8kd7qkneye4y96slq8992r34lt0wfeqr5uq8,LUNA,103205.71697008
7009137,sif1fdcfhaz6c6vzj7225wg2avrc9h59jtqu3y5w47,LUNA,10311.1930455169
7009137,sif1feq3jl0tuz0x4hy8leh6rhc6k6grpu66j3jqtp,LUNA,143244.500346124
7009137,sif1feqt8ny4c7snq49645lqgm59jzjllxegwc8ank,LUNA,20852.466925951
7009137,sif1ffdm4vkykqkeckr8ehc20he42nhcawkx7dnhu3,LUNA,15229.1323989247
7009137,sif1fgt99f0nh8l5qfc300l9434dtquatuv7hv8qwl,LUNA,80304.1680871455
7009137,sif1fhflvt5ctt23rsmaq5ctsyprvqs3xl22yf4jr7,LUNA,77416.1992012759
7009137,sif1fl0r2fxun5xhjnu5zeegvqpup378wu4pnkgnng,LUNA,42370.3714038427
7009137,sif1flc5up7qwcluwsryqypgsnhn4ux60udxt88rln,LUNA,493766.400492769
7009137,sif1fldprvgm20tse9nqs4r3c4s9357mnev9tceunu,UST,2.06660188494258
7009137,sif1flh7mmmln4hva0h4s36ymd8tjlekrzmnc0e202,LUNA,74873.1477919044
7009137,sif1flly9madslxxxv7v653my9zsl3w8svr4p25zdm,LUNA,5831.71555301159
7009137,sif1flmtpqwykutmza75js5htq8srhak4x7uslqxcc,LUNA,100884.139546701
7009137,sif1fmnxm3exvkk3zs4vskz28xxvhw6ckygthypntt,LUNA,2096.83453474083
7009137,sif1fnj3urff96rhqp6upa99apxd36e0t4m2z6uxq6,LUNA,3474.84699492991
7009137,sif1fnya32ajf52k3smsjwj92glyxza024x6f8ghcm,LUNA,19830.856212466
7009137,sif1fq04asfq2vv3d4f5q94turu0pmdjprevrutlwe,LUNA,1797.91373402748
7009137,sif1frvcsmthmc6vkzsa6dmygvmf0gca64g6hh9yu7,LUNA,5326.63008269421
7009137,sif1frvcsmthmc6vkzsa6dmygvmf0gca64g6hh9yu7,UST,327.503814080449
7009137,sif1fynejhuxs89ueqh9tzxysa99gxrax6xhyyx6vz,LUNA,878.740505957558
7009137,sif1fzzzv8v45fgjwlfyg0ufully0l6khx9hfhx8wp,LUNA,5253.5775591976
7009137,sif1g2l9tezf9ed2ex7vrcdpplutxqtqu6vflydm5u,LUNA,21077.4174927316
7009137,sif1g364cg7jd7v6y5drhl9zp59zxc8jqgevmmalgz,LUNA,9990.24603616151
7009137,sif1g3a82qc03alyu27mu8fmd92q73quwdeggjr9d4,LUNA,2632.91427151159
7009137,sif1g44wn6r3089yf74ewn6k770e26lfspur9ffd0p,LUNA,5316.83928927643
7009137,sif1g4ve6uxpcccechgjwuyhalhj3qd44zsfh39fcn,UST,149.200925777241
7009137,sif1g4wj2k82456ygult3e7efwtqfgxsajqeea7s7f,LUNA,1080.7947604932
7009137,sif1g692jde5e7nqpml4rmxgge22m3qvft8u2p7h5m,LUNA,1117.23423105789
7009137,sif1g6c0qhpvwtq5cfdhe229a9gu3m3c27lndws2kf,LUNA,3232.93255604045
7009137,sif1g96nj34s4p2fdzmq2klpu2t5qshgdezvr3yak6,LUNA,410.198209524769
7009137,sif1gccu978tug65jklej6x3u0fmhgeecn9u7532ya,LUNA,240702.386079362
7009137,sif1gd0jsnnk6hjjjv477fd6ztnd9wvqrdxv5rvvx7,LUNA,2950.24449480315
7009137,sif1gdm04gxmsw3jzcyq7sa9cc4r0s4gjk28pgjga7,LUNA,78074.6256517528
7009137,sif1geyw2l87fwgjrtc6jf0ke5x8f3a2qs4u472nz8,LUNA,2898.3509953838
7009137,sif1gh4d2z3kelx4323ed9lph4989hyffa0qx9475u,LUNA,46462.9725733304
7009137,sif1gh5cu2fupaazz9ps4us2f469u0jzh7qlzwx0yf,LUNA,7619.04937320295
7009137,sif1ghjuanntzl07gxf5lv98eyc0t7ey0xszy6x6mq,LUNA,216769.672938181
7009137,sif1ghjuanntzl07gxf5lv98eyc0t7ey0xszy6x6mq,UST,3169.97143084487
7009137,sif1gjpwrzlmhgly72fjksyc88umafw8599qemkl9k,LUNA,4196.09388101694
7009137,sif1gju3ev88x3epuqx0vfymj0pcskmxalatu04c0l,LUNA,7301.23413496349
7009137,sif1gk2wk7zv3aph2fjp3z4t6kw2yg2lz90h2stwex,LUNA,765.809703666391
7009137,sif1gm74x5mj3mqrp0rjw4wjsayued28etffzsjwac,LUNA,936.092028958881
7009137,sif1gm77px5upnhmsatxtxvxmzm7lykvm0zqnaywwg,LUNA,3008.95257067188
7009137,sif1gmaunljjvv0f5gpcrs66grgpd9kugdmyma9hc8,LUNA,9089.46946728478
7009137,sif1gn6vsp7mm86nwnn88hg2t4mq0kd7ll3w6k7fze,LUNA,107088.766952006
7009137,sif1gprvxa6s82cm0danahqxs5e5awmyemqhqqtma4,LUNA,87315.1938303614
7009137,sif1gqcsp5u2j3uew074en3jv8ekcn9y0xssr92vhd,LUNA,1060.46531784064
7009137,sif1gr8wgsqj94mj6xn7mhg0xu8fvl9gzyazux0afx,LUNA,270996.354045266
7009137,sif1gssrf3wnkt0pxstqx7v50zsm3fn4gqpdzlcsj3,LUNA,60950.9608156404
7009137,sif1gt57030gswtqjy67h2paluh4wjrkavnl8qnp53,LUNA,11057.5773147634
7009137,sif1gt5wq48vh2c69xpgpyjxqafqde0xy0umtke5c4,LUNA,5207.95512542091
7009137,sif1gty5x97z63mxvdnmfh45d43z2fcenfnyqwge5u,LUNA,6266.09493711519
7009137,sif1gu4nn9p4vc64aeznku8k8sfc9h4q50udwhnkqn,UST,2226.46765949811
7009137,sif1gums7u233klfertegycu93kffp3dkknmatjmjg,UST,159.442967965587
7009137,sif1guxj7n4twyal7kgznlwaa25lpuhsl73utgdvf0,LUNA,27532145.4763227
7009137,sif1gwn0rl97gjkxhzjhwux80nlepkv7603jujyqyp,LUNA,6363.44194774143
7009137,sif1gy9uzs6e9wd9x4thxz55ccqe7cvmjwuy3f4d3l,UST,366.085071425409
7009137,sif1gywqhnxptufkm3aa8c93vemw4vk45e6faqhwz2,LUNA,3024.10891198822
7009137,sif1h24kjeksqzxlmjzjxpeqmvs5cu99a86lqznqmt,LUNA,419011.793463694
7009137,sif1h34nzp0mt34kzvjpul7s3p3nlas7dxkajv5w98,LUNA,7822.1233881127
7009137,sif1h4084hwwdnff68z7s7xt63wpjs85euywl68qv7,LUNA,10439.7520826935
7009137,sif1h693ac64pj8s7qzc7k3n00sdwhwlkprycg82sx,LUNA,47305.0985805137
7009137,sif1h76thgz698fhg44sthev5t27ld7208rnpsc2dk,LUNA,14044.6433974418
7009137,sif1hamqyz62axpwa783p4rv0zt3anpfh3cej7r7ds,LUNA,30914.0913080316
7009137,sif1hd2gy53k6vfvhpf0wz3djxhsdnyw22d9gs4hlp,LUNA,657.006146174785
7009137,sif1hek0drtvcq0x456cuju06wnjasa9dq6vp3htex,LUNA,76591.3739935559
7009137,sif1hem39eq8vyc0m0z82lsa4lhxum2vy8fqv58d2x,LUNA,816538.786689379
7009137,sif1hh08xcfrc0mv6utpnr68zkz8ldsfvespkk50xk,LUNA,46354.7510207595
7009137,sif1hh4r7lh7sfzv85kfpjjmx83y66xg6krmhh0v54,LUNA,1937.47587947841
7009137,sif1hh4rfwhye5fxmdzm49pfpt5q4zv89q7upg7twz,LUNA,2458.41767552779
7009137,sif1hj55vgxhakfuausrwqvahxglhrt2tgkx6v64lh,LUNA,8878.43109032002
7009137,sif1hjsc3m9h2a07k2l8kyyf5g54tt0t7nwh2resjd,LUNA,38794.9769019167
7009137,sif1hjztz6sdxy76rlegng44dk3nz0w4ec64m0ddlh,LUNA,42570.9275951151
7009137,sif1hls4rdk5c9c8ff2cdgrjnu3x4dg0v75nu8ju6e,LUNA,16717.0967223079
7009137,sif1hmhyp63v6spaf8xvx0rxzpjvv2guyh75yuqw53,LUNA,53.5509601182147
7009137,sif1hmll8lejjsvq4ldwt6k5jdmrzmj38yjvn26xfa,LUNA,115965.178997535
7009137,sif1hmt36qfqe6mwl3jegn97dg6cw5ft7s2vdw2ma9,LUNA,1124.05262619953
7009137,sif1hp2eg7fgp3zc4r3d70lwkrhv7p45a9wp2vwdh2,LUNA,14549.8502476119
7009137,sif1hqgu8xj4xnxp0253mask6nkrvfnkyj5ptqety7,UST,64.3954226209348
7009137,sif1hqjmewmdqyffv6l3uzcp596gqhh6ktxnt2xyr3,LUNA,17743.1781425234
7009137,sif1hr4r2tflx5aahspfkqd32qmtt2nejxxll93u0j,LUNA,994.581946111362
7009137,sif1hr7s225hf4m0rwal8p7asyzseg9fhqazcf84l5,LUNA,1103.10242986479
7009137,sif1hrkgp8ycvaw99etdpj6xaqqw3cmn53qx3sd8g9,LUNA,58.200052102258
7009137,sif1hrktt2240rvuhcelqq946h2hpl7a2r6ty27fcx,LUNA,32264.1663040853
7009137,sif1hv99e7we9wg5p7xlewqumy7dw9ck9fu8ap3a4g,LUNA,147641.205994352
7009137,sif1hytxa22t0ww9t8jje79negw9k4787u0e95w5l8,LUNA,6725.32277375918
7009137,sif1j06f2hxezhpafsdfmt37ghnf6lvz7p0qt8ve7t,LUNA,97578.7611836021
7009137,sif1j0kknh8l7lfkg4srpmlw8h4k5l7pz8t364f4vv,UST,0.342184369430454
7009137,sif1j0t57440c0adjx0fly7mlep85c3pk6ytsmrpev,LUNA,80.2833159492693
7009137,sif1j2llqsla2k7xhgs246vgtjr94k9g5dr9httrdp,LUNA,486375.17451281
7009137,sif1jdcvuhd83yv026sa5frheexyf7zhmpd5yd46qj,LUNA,425067.01019486
7009137,sif1jdpewf09ss2g8htagrnqqzl9sz5kuxnzm923ad,LUNA,5118.19765863149
7009137,sif1je9765cmd2xdm57wcct6gwgguh8lxpyragc0wn,LUNA,460.433889498151
7009137,sif1jee2gxuwvj6xqm2h8xsf66eeacxqldwpl23p4p,LUNA,2531.59690104034
7009137,sif1jex4fseg5g6dusysv6a0hd5jzcmg5j36xw5jen,LUNA,5001.77677049976
7009137,sif1jex4fseg5g6dusysv6a0hd5jzcmg5j36xw5jen,UST,57.2454656820502
7009137,sif1jf5xxkese0frey8du6zpn5v5j6zpzrw35p2ryc,LUNA,1249570.57101987
7009137,sif1jfudxl4r49k3y37rlpm2n3fvl76ruunwpzu4cw,LUNA,34772.465951646
7009137,sif1jgmxhenaw4f2s9f5pqeyk9ela6nkcpqyt6t4du,LUNA,103453.034674608
7009137,sif1jhfzw6wjavvz8ve8n0efw7dw43q8l3z2khk2e8,LUNA,75701.4246589305
7009137,sif1jhw3dgwyxgtg53ds9a3qfj60v6dw74tzgj55nq,LUNA,72398.0754849666
7009137,sif1jjuuw0m8dvuafycq6spfgvq7pjc4g2kazgnkw8,LUNA,592.873533331607
7009137,sif1jjuuw0m8dvuafycq6spfgvq7pjc4g2kazgnkw8,UST,9.14843286774088
7009137,sif1jlg6wrdqpp93c9ua8wtsl9h960qd83pn0640kx,UST,0.288579432336376
7009137,sif1jlguc7hp045cvxlzjarg3zkrqfnmhux98wejka,LUNA,3151.71821491406
7009137,sif1jlxakfr68ewsdqykszxz546vw2676tumxyj0kt,LUNA,1919.39093168187
7009137,sif1jlxakfr68ewsdqykszxz546vw2676tumxyj0kt,UST,11.2492470812299
7009137,sif1jn40m7cqsls79lvmpa2me0ccfx4299a5mftxdh,LUNA,262118.8113534
7009137,sif1jp6f85x026jfgfj4qcpx386u76mxvfgtrvfutu,LUNA,359.895743013654
7009137,sif1jpc8swq6yryradyl64ut597w44tntmv388kjax,LUNA,27771.2482626995
7009137,sif1jqr5gnpefz47y388q50lyv99kymkp7whhh80e4,LUNA,131323.200070713
7009137,sif1jqy79uv9xn9pzs5mcgxfjha4xvvtzgpy7sc02x,LUNA,750.416896807151
7009137,sif1jrpv7p7m7vklpzn7gr2agq78kp9w9z3p5d2des,UST,601.529048516085
7009137,sif1js5ummllhx5wxnw8fl07yk8fenyfnzzl74l0p6,LUNA,300790.145912731
7009137,sif1jsa0s3phesyzfakaenjc08hv8etgkayh32ukvr,LUNA,37665.7562528818
7009137,sif1jsc2k2j2fl6mkpvldtt7nsya8dlxw5zh7w2vx4,LUNA,1318.68357592454
7009137,sif1jsgnax3xvasalrtx9mm36d2ccamzsxj53anfd4,UST,5.44981864809959
7009137,sif1jstk40wlemx38g393f7e55q6rphvlqd4fav0um,LUNA,32327.9995118243
7009137,sif1jtqhsnvtnxrhu3hfjut54agwnneghapeply69m,LUNA,2499.29171235703
7009137,sif1ju3ku99ehgluk6rhn57mmq7zw59hdn89gvmxuj,LUNA,1737.17274953058
7009137,sif1jvggk36c5d8r9r9g8qn7zw6s3axy40ma4ka6nm,LUNA,586003.719731805
7009137,sif1jwpg05lpe2xhp5fqeuhtwh579qj53gks56y5zd,LUNA,4280.07383621541
7009137,sif1jzdwxm8mwx8kduc3pd0nt3kf226lucgz6tak44,LUNA,597616.862061299
7009137,sif1jzgv4lhhpfh2luylnv4nwk4mu6qxfwsmqn3dy7,LUNA,3483.4524711481
7009137,sif1jzrla63n2uah56scknpq9m2ge03p2w5jc4460w,LUNA,4492.61697060464
7009137,sif1k32sxuca78uurnef5u0qlx7f76dfhk3zu7d6lu,LUNA,93375.904120658
7009137,sif1k4au4rps208j3jrrd2k9dc9y7p9rfdehhr4pd6,LUNA,923.819494321837
7009137,sif1k4yykdjpfpeadxcqx9ywm73qfye6mv4uew74h5,LUNA,2531.09077640456
7009137,sif1k5ehhteq3wgpka630lt6qwp90nhrpflyute9a7,LUNA,914.834830711191
7009137,sif1k6yjmndrnnhgl9rd8ky7fjnt8d7pdh490dszdg,LUNA,11959.6713614787
7009137,sif1k7hppl37zk392us7kaepxndz3zmsea82eupe7x,LUNA,8300.45276524955
7009137,sif1k7plj8qa74vj3hflrh6kwv8ecc5lzjvxnklksp,LUNA,5121.41445830745
7009137,sif1k8s3e5qs8j7m04pknh85jqe0czjfqremf2d4ft,LUNA,418729.29406016
7009137,sif1k8s3e5qs8j7m04pknh85jqe0czjfqremf2d4ft,UST,1307.10664776391
7009137,sif1k98hqn837eatkj8kqcxn3q3cz7lt6gchwsupn4,LUNA,196628.288236307
7009137,sif1kcpgkdeh9p6xugv5rvt5fwwaeaez0pw6djjxwl,LUNA,19400.5922961077
7009137,sif1kcry9j08an6tsevlve8l6u246hg2fh02qam6x7,LUNA,12.0760124813728
7009137,sif1ken98waklvsetj0dszxxz7wgpp8wscvgs7y4al,LUNA,34840.8411301083
7009137,sif1kepwd3fwtlj92eav2xyd5d8fdqzkquf788rypj,LUNA,1070.73997820583
7009137,sif1kftq60p4l79sl4xfmedtx0e80yve6u63c7xa7k,LUNA,9006.07335165424
7009137,sif1kgzpnjz434wvjkd42k4x9ndwt8wyxtchdzuje9,LUNA,677.129981693451
7009137,sif1khh6f3cvqfgyp4y2zul57fjgq75jlfwm6dvtv8,LUNA,2478223.68293091
7009137,sif1khvg3ey7cc7qa5gmglhzgse8qgqf93z0u9krll,LUNA,777.521025406932
7009137,sif1kkfgrv2lzlg0c0gj7gmcy7ngtsgc3pt6d7c9yq,LUNA,12058.0142739054
7009137,sif1kkxgg2lhz753wgrrgl0ehzp5lxfam9qsmpvnw3,LUNA,1233.76020475561
7009137,sif1kkxgg2lhz753wgrrgl0ehzp5lxfam9qsmpvnw3,UST,64.0233018030812
7009137,sif1klzlaa6nwdn3v6udyvupc0nmng7e6vkcspahyk,LUNA,117349.408141276
7009137,sif1kmtue206u227v9nzq0dpvm6jwwmr3n8f0ge2zj,UST,2196.7003945762
7009137,sif1kptvdkc73ev396rlu059qthy0d8324z0zvjsvl,UST,1.54641843634284
7009137,sif1kq0vsru8ufey2pduv7yn4ppp3h8k028tk4358k,LUNA,5078.1252891558
7009137,sif1ksa37tt989c7mwzqsd8sxumh4mqlhufyw4y3h8,LUNA,28539.0376330008
7009137,sif1ktcxxcefmdav4hx629v2ezpnp7d40ej6uxrvd5,LUNA,825.381197629362
7009137,sif1kufg496h5ht0tgtflc0qgmc459vv5kqvlkxv82,LUNA,4588.17248356076
7009137,sif1kuqr9j3hunw78973el5txq40kkwk3pxppeduvz,LUNA,5755.42198852113
7009137,sif1kvsy3xe5ydv34ynsz90wmh7ttxa6mamkmyqjql,LUNA,18658.2105984718
7009137,sif1kx27a6ll50scw45mq9k37h3guez9t9nxtwmjac,LUNA,641.412703911801
7009137,sif1ky7m39mszht0rveq9y0ramqnash6jp5krw3tuc,LUNA,33636.6381823793
7009137,sif1kz299ndle5m7j9lxslhaz7zyahck7nc4fy0y8n,LUNA,1200.12794288042
7009137,sif1l0cevawxn5vdhnc3r8w4ampam66qk3vm86q2js,LUNA,175066.362621095
7009137,sif1l238kq8vc2n233lmcxc5urq35yqc5zsac44rau,LUNA,1308.34966380529
7009137,sif1l29amhh862ge3dpueha4vjhxc46sapn8n7gejc,LUNA,80866.942985708
7009137,sif1l40zf8gfrlj9ht34ax53yx8w4tehvhdrmeqc7p,LUNA,148.694421312463
7009137,sif1l5fvr7xh7vznrv2p0tqer76am4u7ctetlhnyza,LUNA,32626.472168498
7009137,sif1l5skpzf4ypsn2062j0lr3kaj3asg8uvgr7vnvy,LUNA,443.179984230472
7009137,sif1l67ul9lzp5zwtqghx4z9ach4ex0malq08nd7wd,LUNA,611.576366493622
7009137,sif1l7ma4tcq3w2x8jnhm3axwyp9938zy7cpx4m3z5,LUNA,236824.505141675
7009137,sif1l9jgeakw8qe44sjwhwe4nnds4954pxshuzjpq7,LUNA,251453.674718103
7009137,sif1lc5apdl78syllfvm9huywwjs4c9pxphw090vnn,LUNA,297746.229872761
7009137,sif1lcfgsnhlgxtq8dklaljz87d4yak666k5ey05zh,LUNA,2139.2912939738
7009137,sif1lcwpaw4vhumgf5hfnw7yqfyl8gzffqlxkd44gp,LUNA,10075.4159422093
7009137,sif1le5dk4vu9je4vzlpwxnawldfn8emqsuw7xf6r8,UST,0.0273695054584117
7009137,sif1lexd22amsey0dzamyv3r8tu8yd66tqcna4tcuk,LUNA,6368.53082150307
7009137,sif1ljhqrq4uhl8clzdquupj7pqu4wp92arrs20nwe,LUNA,1568.41944689757
7009137,sif1ljrdhdv9wa8svq8f4m6sr2gg4nd6zzrwt9nvjm,LUNA,1305057.24217504
7009137,sif1lkd0tc04rchp08vs599klpak7gyry3e5qtv3tu,LUNA,3811.85929193612
7009137,sif1lllxqhddzql9yc6aenc44c38q8kg0lzk2gud44,LUNA,12101.8312457444
7009137,sif1llw833f4cw52dtpmwax6xck3hn9p3cnq9jvj0x,LUNA,15678.2860663789
7009137,sif1lnkkzwzgu9u5s55tj3aqa53f0ks9hq6jemhxg5,LUNA,37198.1033275423
7009137,sif1lnnk358ndp8havv0g8nvnry76y89aduhe4a68u,LUNA,10758.2366167546
7009137,sif1lp6tnxudu98dhvvvmjzdkf6n7ssdnuwmc8haku,LUNA,298.254202173408
7009137,sif1lp6tnxudu98dhvvvmjzdkf6n7ssdnuwmc8haku,UST,2.45647683870015
7009137,sif1lpxvev4p0phant96qdaw2zkz2rkjn288jqfznu,LUNA,123880.8824365
7009137,sif1lq8f2s2xvn0urcdn7kmdpjsc2rv4audsg73xj7,LUNA,17193.4918309256
7009137,sif1lq8gpa60pgqqvq2dfp3uh6cahes05sfjheamtt,LUNA,77.1899306250902
7009137,sif1lr9njtrsuj36v8yzyazc0aynz85y3dphxrlnem,LUNA,15212.2595125962
7009137,sif1lujhkwkpwnsems37697fr9t0aja5gd0shdfajz,UST,1283.17260046154
7009137,sif1lur9873j0fdpm98rny5xql2l0knk89yz46hpza,LUNA,22404.7695293427
7009137,sif1lvetcu95anhwhw3l3jldulldd9z9q50y72tv3s,LUNA,23511.9316490758
7009137,sif1lwzypwrjzqd74ga83epc674lzxy2pzzg48rt8n,LUNA,1193.99511831322
7009137,sif1lxgyly3t8cxehg6cq7sqtvun7jzf8s4xpk592l,LUNA,11201.178086356
7009137,sif1lyr7sfrlhh6pl7yzfv3742cn7yseee7xk03nmm,UST,25.8538111845468
7009137,sif1lzkjwk265ryn43s6jtnj82jrffqzg2cwuj3hw2,LUNA,121822.681411849
7009137,sif1lzve28smu0pvxlr3u68m8jq5zekvr3r3pzhra9,LUNA,56.7159694413937
7009137,sif1m02dwc39sn4yxsgsr5xuylargxkk37hrlulykv,LUNA,25503.8305286291
7009137,sif1m09tllynwq32cw7kdtczqhfu89xvswej2u79d9,LUNA,509.242656982605
7009137,sif1m49ru40c6qhcjj4cshng94h0ky9kpya9uxphwp,LUNA,75091.6001267039
7009137,sif1m4qf4ddrf0nc6cfxypje3qzy9ez8zpcx7fgdkz,LUNA,391.703534254643
7009137,sif1m6ey4dvk8j520pwfr4d573cqdqcfyhak0hqzzm,LUNA,961.342608247838
7009137,sif1m8cfzmfefvgxz4t6p99nqslsfvqc7e95lr8jz7,LUNA,14063.7538751182
7009137,sif1m8ea4dae98rkrqpfnsaxjytfc8ntnlwla6ylkh,LUNA,40.4531365711478
7009137,sif1m8m87rqnw9mvv6csw25gl7mtjv9wtfn95fjjw8,LUNA,10144.8392889449
7009137,sif1m8sxn5fnn74ftw2npw5d2fu4gxlha64tx6lhrl,LUNA,1504.34830617516
7009137,sif1ma5m0px0qwyme0ealku5dqxqg8f9l9ktns0xcg,LUNA,3689.1714491941
7009137,sif1mayv2jjwfexnr43rxe8345hgs2tlwnw9wtwwle,LUNA,1760.63290734356
7009137,sif1mc6fsee0szqamxlgt293pk6qr57f2yj8jmf0va,LUNA,39788.8319591305
7009137,sif1mczeyhvd07utvv47w89tta2lah9v6wwg0syt0v,LUNA,15733.8413165637
7009137,sif1mdqnncet4d7jf9lhgkn3lk93qwtt65mxqyzz8u,LUNA,51.4624988008639
7009137,sif1mga6cuvc5pewyvgsfln8mlwhzvgjkk0shc425u,LUNA,31401.4027797546
7009137,sif1mgjl4h055dazqq0pdgg43s992fw0ef822gac25,LUNA,21321.1898310745
7009137,sif1mjnfm9kn32shywpzljvg7nyyq3p449y63zg6f0,LUNA,49898.7700861001
7009137,sif1mll3rvz07vds9tez3370dvespzjzljlf8v9x68,LUNA,275.207203992385
7009137,sif1mm4vxxx7f80c0ec6tkwrvmhs5h5yxspqc40p0n,LUNA,129.837547477695
7009137,sif1mmcyz0vh25589werhf94xvg0t2zg8u8a79m2ac,UST,696.424519162808
7009137,sif1mnluy4jm7d2klenznxhp6adzzcuau55u5m7ppr,LUNA,35.8067996831222
7009137,sif1mpe4stuj8fjxkk9mlymgkdn8v4zvlwxr5xwgmf,LUNA,67914.816400877
7009137,sif1mpulczzd2hn9x0tc65x6gdpr7rml8rlcy72gkf,UST,19.0059339107301
7009137,sif1mrlnf0x72g6wsuyjunp2t7jmrf88qwswemd4qq,LUNA,780.225612813005
7009137,sif1msm89ctea82xuxkxsqp8nqhtcv6087v5fcwslj,LUNA,56.3927837662533
7009137,sif1mtsnzswe86fxuj5j2jsxuvggd84a4a7lghegfk,LUNA,123430.696160953
7009137,sif1mvdnt277449t26f6g38epa0ugu5wmall7ry3nx,LUNA,86915.2073160007
7009137,sif1mvptd0jukqughacmdsj22da9nyx50yncm2jhyn,LUNA,215.789488818724
7009137,sif1mwhclk66ez0zfj48pxhy385gz9p639c7xjxs6j,LUNA,2035.88525425314
7009137,sif1mxc345nw9z8dhmg8r6u7tg202recup7dd62a92,LUNA,431735.171643431
7009137,sif1mxdqty6ard52ss8cztphs5nk694gkvu59qstxj,LUNA,102669.40853141
7009137,sif1my40vvxm9zr2j7kymnvwzwy4adgnw3sf5kp768,LUNA,243.453448162723
7009137,sif1myhhqdypzthwx9vue2w8s4e44nv3xkkf3mr4f7,LUNA,134280.7698284
7009137,sif1myutz4d0jmlpdd0ryaddk6df9yre8wlng97jy8,LUNA,43694.3386302946
7009137,sif1mz6h8088j23v3taw6kcjd3xwrpezfdqlgxnguw,UST,699.44412532393
7009137,sif1mzqyaz68l6h045gt2s5hkelx0m98mxenxmtsmz,LUNA,6646.68216097211
7009137,sif1n0w4lvxrs95gz9x4wxp8xkj467czgdz3zpkw9r,LUNA,61805.1323070799
7009137,sif1n2fpls738ut84yp5yxv07wjmg2auqjhjzs4efu,LUNA,43686.7247542347
7009137,sif1n2nxu2xqcwvxzz6hwpztc246v2ccav5q40fm66,LUNA,28578.1021897514
7009137,sif1n3g96kzj3rszx76p90z4tswe3rp67lvydwghs2,LUNA,17580.2195189519
7009137,sif1n5qhcfl25mcqwah4qln5z8k766khvgvvrwvwy2,LUNA,48724.5855240777
7009137,sif1n7u9mt5rqg7wgxked86uy662hsal6hs0j5xttx,LUNA,7610.84717147099
7009137,sif1n89pm9v5qpztrgmlx7wa33lyjwmz85kxl9kapn,LUNA,13174.3707205138
7009137,sif1n8aehmr5aly82xv0y309u29g8n76vd9yaezsae,LUNA,7998.69736655186
7009137,sif1n9035dtgz6wtnk7mfpps4mhvtetfd20y0tupym,LUNA,3475.4451048671
7009137,sif1n9xpfe0s4gl8sqyn7tp63msuszvwu7nd46yrtj,LUNA,565.815878760665
7009137,sif1naateuyjvgxtrjsx00utvf4zcm65q40mygvrr7,LUNA,351500.904877404
7009137,sif1ncn4y4gszk5kl0r40ulw0e9x0a7vcwmafm0zp8,UST,166.436512934129
7009137,sif1nd86lwg7se890hau65eeq6ru9cxunc53rq96lk,LUNA,60.7297835730083
7009137,sif1ndez7k6gnd4uuh55sae8a4539gvpugj232ykyd,LUNA,55.1627882818402
7009137,sif1nejys9zz9kj3jfwckz5mhulyzpk4k7y0lydqu4,LUNA,309834.434973587
7009137,sif1nexvtyu7fwpd77fe8jl438h756h25j7udcqx0v,LUNA,21773.7219814426
7009137,sif1nezpn6ck4my30ecnmrwl5jr4ulkp2svf3mj7ex,LUNA,1702.99295836691
7009137,sif1njltua76kvtyv8sp84qrzjm2ju5erfm04sj9gx,LUNA,3066.08606678416
7009137,sif1njvfm7js96zhxf3yrtnkgs07vnkudmveyf7wy5,LUNA,23729.0564075243
7009137,sif1nm86pq6fcqrg83vwjgtx4yt3taaxl9fswa4rwf,LUNA,24027.150069358
7009137,sif1nmatvm6g3gfvsm33h3saw3r758xwm03ga00nww,LUNA,13977.9597455737
7009137,sif1np4glfye26cacxeqryqwgl3s00xhsmremvymju,LUNA,522648.012909182
7009137,sif1nrkqn9wcwgdzfajmqw3gyurmegu2hkte3xy3jl,LUNA,33848.1495298476
7009137,sif1nrsl4auce6fgpsnqr80xsfad7qgkrcs8rpk9pq,LUNA,6846.34998179842
7009137,sif1ntz6mh65r2x4gnwe9zfelxkeq35z5nwpthhcs2,LUNA,156201.478682869
7009137,sif1nutgtz3ghf4vxtkdfk4ad9sthck3dc5rpmn59g,LUNA,103705.235752208
7009137,sif1nuvlh24n4g5khgqszhla3da0aezvrkrskxacgd,LUNA,948.185904446695
7009137,sif1nvnp8rlcm52canv03z2jhfzcal25qnkc2ay2dg,LUNA,50275.3903959089
7009137,sif1nxfp9jxep0qwxstke6lxpzxt0772ptz78ags3g,LUNA,2762.74269243093
7009137,sif1nxrjmekvhafylpw7ka9z9p85ektfuq53jd9s8v,LUNA,101286.400791809
7009137,sif1ny9csk46tsyajf4ulj2wnkaxc8rn0rsavu7cny,LUNA,8392.95986856624
7009137,sif1nyfn2cnyrwpqjakgkjdet4ekuqh68metegk64g,LUNA,264.258979172981
7009137,sif1nywxv7z36akucwpfhd3qlzryg7zwr2mcdm24st,LUNA,216.436182219646
7009137,sif1nzg8sqwre87dcg7a0q0y7pqre5fedu9vv0zq02,LUNA,7996.31761966258
7009137,sif1p03h4rh6ld83g5qj076ze3uft2wzv7ugmrvzxv,LUNA,54680.571705466
7009137,sif1p0uesu8nf4fgh8xxmper5gqthd4wz6xtmz5vvp,LUNA,1193.25211101945
7009137,sif1p3qnnhxv9k4t9n03yvuwr7vswjnqnryz7vaflv,LUNA,4635.73457390783
7009137,sif1p3vqll5hkkkp44nj4aagyuzqrz53qqkqkxjlwl,LUNA,115.512158828659
7009137,sif1p44c8t45kayshaxwk2u6ej7s5khv06w2gcelmf,LUNA,24324.0701624989
7009137,sif1p52fqvqe0pl59pwzndw4r7gkk486ay55fhkcc5,LUNA,104948.926060614
7009137,sif1p6763cacd9xxznfy9ynn3wf6mdp6hgrk50mz9d,LUNA,1858.73923513367
7009137,sif1p79t93p9eqzc22y9uflr5wuynthkrsrxp2x3dh,LUNA,33070.2350277561
7009137,sif1p7cpyk9p8qmluqlwyv09tfds2jkwrzmk2r0g4f,LUNA,12460.964297678
7009137,sif1p8uj9q9qwc57esah0rvznc0aq9m2rw9fugn67v,LUNA,185884.768980182
7009137,sif1p92czygehkuqtf0962mkzjc65qa605sspl0zfr,LUNA,10944.9931411671
7009137,sif1pceq7npe9ylnyrt02nzskt54szgxzwtjrs4n5x,LUNA,29825.8710274398
7009137,sif1pcmx23uxuu7djlg4th20xrjztlsz8f9ej7w7we,LUNA,1533.97005432863
7009137,sif1pdgw6ffnd4t9kxhz9vlmmn5ddn52a3d9rdcake,LUNA,45.5496082292646
7009137,sif1pffcgdl6ssfr8tjwe7ys8yfhdzsp4dcpm6x6nr,LUNA,5134.71538831151
7009137,sif1pgh6ec46capuedamccrwqk3v5p2san8cwxqm58,LUNA,8633.38399520851
7009137,sif1pgj7s7800ud7729wch7x8x07wjwnawncu9rlaj,LUNA,113610.655893357
7009137,sif1pgpdeagvwc5c093hj4s0js027a9esgmvx0y0x6,LUNA,1931.54030886665
7009137,sif1pgpejx8ylergsd807h25dhhvxaj9684973fxx4,LUNA,131008.217687419
7009137,sif1ph3v5taxm86aq5v7yqpftmr3sgjss0fdqcdwqt,LUNA,1433.92511052357
7009137,sif1pjgmnefjlprf08zfpjr02v5xk5es408hlcdpmp,LUNA,136.870912962512
7009137,sif1pjwekw0gft0mzp6yrw73k8n5fmn2x8lw9tv2x9,LUNA,46665.8369269098
7009137,sif1pl6c8zquzjvp0nwx6n0t0s2s3v9x2378mvlqaf,LUNA,640505.807226878
7009137,sif1pl9h5w3mgtzl9dj5djlg07v964u5uxcd6rkp45,LUNA,41.016704805196
7009137,sif1pm8jhqcmjhh85u5ja0yqcahk42n5dsgcdms4c9,LUNA,529.946965955346
7009137,sif1pn4hmdcz34w5qp3t0jv0w59kfhj87mk6cwjvnj,UST,5.63040323816803
7009137,sif1pnzmhy658machc02ydr00j0llljzjeu6qnqq3g,LUNA,58267.9777869868
7009137,sif1pqawqj4pr5tw38w4d45t47ce2vj09u5q4spprv,LUNA,162838.809378622
7009137,sif1ptkmst0l4ewm7jk7ea9n9unh82d974qnpmga7g,LUNA,7068.83264702501
7009137,sif1ptlk4d4qnp5xqu0tndk5r9ngj50vssdx57s3dj,LUNA,1953.6495255249
7009137,sif1pu6jnj0d9uk770778yx6qg39x0k0kd0qwy34l2,LUNA,197.340332779274
7009137,sif1pvyh5ltd8uhna0p9p50y5j0tacf7262fvvc5wx,LUNA,9346.33276137731
7009137,sif1pwxy3vz54rrzjqrgyxpfu9uw5ddvul3h8kngev,LUNA,5605.16686689054
7009137,sif1pxfqe639whgj59t3vdm6zz0l3cpvkf3dytqcmz,LUNA,24140.4264984416
7009137,sif1py08jsquvsgkhhh6y5dj57n5ff3hpcs3u5vl5n,LUNA,418446.631659951
7009137,sif1q2rn9es3jql8jkx3wv3nlp28ry8zmla5pe08k2,LUNA,22335.0504587637
7009137,sif1q35zx4dantqfqn4sektehugej50tjfwrkjnemd,LUNA,28922.6980767097
7009137,sif1q3a63z295y2rgnjglhw2hangmj5n0gmlxt75gs,LUNA,553.581609720796
7009137,sif1q3jnv9sk5k2597lzm0zml0t62khawecjndnmd3,UST,6312.0473106628
7009137,sif1q3xvauqqh3xxdg5wfu76hctu6yda57gz7p3sz6,UST,11.5698427219827
7009137,sif1q5gkcgd53ssjw0lgzg67fn5k8kd3s6xyyrctgq,LUNA,13430.7446473055
7009137,sif1q5u0cg4vfxjv9v7pu79vsc7ea9xsymwzg0nu9g,LUNA,3320.43634017821
7009137,sif1q7dunusu7a3psg3vggwqy66tp5asu9u0frs4jd,LUNA,46382.1138898624
7009137,sif1q8rd5knahmvfwf88s497sfam7zfwlmafalpf4m,LUNA,283.702695448643
7009137,sif1qazqc3wr40y3z5gnmydrpxnz5zvxlqwpyvkf4x,LUNA,152.333449608359
7009137,sif1qcf56hq8x4dwa380tk0hfmmfdswhucert84m94,LUNA,2490.82443729032
7009137,sif1qcszmpvaj4m5utnrtsrpemfl49dzh6km3x2rca,LUNA,22610.6170350859
7009137,sif1qctsnew9jprsk2jdngu6ddemgd3h4f49awfrc7,LUNA,21922.7789783682
7009137,sif1qctsnew9jprsk2jdngu6ddemgd3h4f49awfrc7,UST,4.82130049972923
7009137,sif1qezxexfn73n0j5sxt0w20w39lxmtwhmz5w6hfr,LUNA,262598.194482199
7009137,sif1qgelrd9hfxesuy2fta7dxy2sfrhdpg0d3mu3z3,LUNA,2375.00427655693
7009137,sif1qhqgpujvw2rst99d96xsf3m7sddhruwhah3ppn,LUNA,10818.1247467038
7009137,sif1qkjqu3cwns4z6thya46grap7fm8xeuqxs52c47,LUNA,164419.667850195
7009137,sif1qkt6nfjks0lxjrdlslztdqr8w0ak7jha9puy36,UST,1.74301159518339
7009137,sif1qlfa7m3acsk3sfvktc0c5jw5lm3kv07ymf79aj,LUNA,49631.4322329599
7009137,sif1qn46v5ewydxla9n9l98g2n2k35kk5taqq2urwt,LUNA,1417.93307087323
7009137,sif1qnj9apeqhflwfpvxhe55kwupsdh8vwgxed82uy,LUNA,8886.54694498034
7009137,sif1qp2dvryjdenvem9qdk33xx7yakl6mh6vwet3ug,LUNA,29232.1588701721
7009137,sif1qq6u0eu4nx2q4uae9stzv4antr7x9r720mzjql,LUNA,810.108102499416
7009137,sif1qr7mj4j7cqy7efw5yvdlkysrtnek589mmrkpn6,LUNA,255.97615803162
7009137,sif1qsqy6er287364jzlcfflkvtheza45vmpqylwzc,LUNA,1083248.58449814
7009137,sif1qsrzvymyw06z4egr9w9w84jtxcy0na3rtdmhwy,LUNA,47.4824226246262
7009137,sif1qt8lsmlj8j9390zs4rsjaft7jvrcmqeyplvqqg,LUNA,478.285083662385
7009137,sif1qtxvrwewz4fxkn829c4lulyzx63jupgpz5juuj,UST,3.03849515237306
7009137,sif1qvzre956sesd8f9pslpelxm9gqnjhaxp475ejz,LUNA,6543.8082481672
7009137,sif1qwc70zrau90c5tj8pp0zzreklgvfem8v2d7xxg,LUNA,1572.77878802131
7009137,sif1qxngfsqjng2fup6egfathdzwnveqyhh5qaxj6w,LUNA,35884.4009100723
7009137,sif1qyt7gwfxp0eh7k5cvmhj8ud8stlxnx6gkqhxqu,LUNA,13554.7753321135
7009137,sif1qzkja4qdc2jmn3dkpykr4ep7q6ujaztt8759j3,LUNA,298.383803858163
7009137,sif1qzte2qqtdnkfss5m78w232qf0qze82s5f3u3j6,LUNA,3690.3997252714
7009137,sif1qzvh5tgf28hu9q379wkt2drxq75rkhgzc8sxg0,LUNA,86683.1566361649
7009137,sif1r2nujddqfxvw3nuvdfgsnskxgrdhpfz73qu2f0,LUNA,178929.512479232
7009137,sif1r55rpy9fx2vm4jggtwwl3m7s875q45hsmhx3el,LUNA,4870.8596480768
7009137,sif1r6th07mznu8zu9t8jcw9tldxqfhjph8tfqyk3a,LUNA,679.507202319925
7009137,sif1r70dgasakttj7c9z2yx22ss42tef7czt7kpa6m,UST,40.6893384637546
7009137,sif1r8ez7ah24ls66ayyd22uz8592yu2x4jkf093qr,UST,18.8035971184902
7009137,sif1r8rkx9pqas2e0ykrv84034d4y9sz0p05p0k492,LUNA,76.1615493957308
7009137,sif1r943fkjkccw85rsnvvvm3q3f2svauvlz4yycdd,LUNA,352.873411539403
7009137,sif1rauxw9rfa4ynmr2kt23jlej3ql7d52h3dn9fvj,LUNA,65362.4793881983
7009137,sif1rezpycjuvu8ee8pz794jfu5252cp7ts0g22mmq,LUNA,3981.08796928813
7009137,sif1rgyglam4jc48rfs6xyz6hqpr0z4j5n7nzfyc7d,LUNA,536.180764462967
7009137,sif1rhq2vjyvzxdcnfcywxug9gly2vzr29ep6vjsk7,LUNA,54973.8328992659
7009137,sif1rj4k76hr8u3ra60crjpggt483x0tl60uml6kgk,LUNA,16596.6114340817
7009137,sif1rj80vmsq5663dnjf5xlz5mc9wjku6xwpj0kchp,LUNA,61611.0213636365
7009137,sif1rjpdl339m92w8zmpwd5vajvdm5xdv2f9hmjan3,LUNA,426.453478676808
7009137,sif1rlpwkpujurjq3zjfk997e4wn20usxjc26pche7,LUNA,50622.3281809514
7009137,sif1rpjqknsyak6h40pktntjgmpalfz4lr4wacgxyc,LUNA,464459.708105641
7009137,sif1rpzsesr5cjgwwyj2t3edez45e0x37qxcgwf0cx,LUNA,111416.471581237
7009137,sif1rqszygmwaj2wpy242da52hzhndauuqkxkvgy53,LUNA,2772.24965541852
7009137,sif1rqv3yrm8876csgyrv6w6kvqd8qvhdu62vrxm4z,LUNA,3550.02711422696
7009137,sif1rrns6qd70dl0zuwlnytf90tnyyvux7t5rtuwxa,LUNA,9548.80770821169
7009137,sif1rukgach9v7znq7dajy09vwxy9qf9ql7yjmhejr,LUNA,13359.8744966829
7009137,sif1s0n8x2cxu7chufulxypcqu25ydkd46c93jzyme,UST,2530.34670820132
7009137,sif1s3rv4alekvpwgtz3qma6uy7e88spkcrgxk8kkl,LUNA,3175.09991317575
7009137,sif1s4kesjklerxp5mvjylva7w46r5485rn3a0mu2d,LUNA,5328.64353331611
7009137,sif1s4vqv34dfcvczs60f86s6dm2lugussmr2zhmzz,LUNA,58552.6245209632
7009137,sif1s58tedlppj8cn6ff24az874t8dvunqdeqx0hv5,LUNA,45939.9964414854
7009137,sif1s5qcsng2qfg9sg09xkzzzaujfc43nqf4k30mkg,LUNA,1122.1425048655
7009137,sif1s5sq2exlnsurvdps49drr5903mvp87tsqgm9eh,LUNA,267.588568629237
7009137,sif1s6upa5qhcxc8k5ksh89kgkgzpzkh405f9g9e2w,UST,762.863214316096
7009137,sif1s6uvwwf85ys236hha2n8l5mwr5ff6qltppx6ly,LUNA,12312.8839120798
7009137,sif1s73mgyesjhhz6tyh2m3ttqey95d2yu6a5tw5hn,LUNA,7870.92156245758
7009137,sif1s7rzqt6ycy2t79f6g6ax9yhv9echy2ve7f3ru8,LUNA,798.993301844024
7009137,sif1s8faat5ufc7lycs9ewxjpnulclf8lwymtnuvw6,LUNA,233593.728055388
7009137,sif1s95hqpujepf4ks7lqfhzedtljp6kqe3twfr5w5,LUNA,5172.86231288922
7009137,sif1s9qrc7478zkp24v7vwj5hre7j7ae3qty0w6faz,LUNA,1246.35078981321
7009137,sif1s9v73kxm5y4pdhtz6sa4y2hct54v5k4lvlvf2c,UST,1.24444100192069
7009137,sif1sacqt6pya3s3wf7dx0q0aygfsv86x97s0tpqcu,LUNA,104404.360823613
7009137,sif1saun67cmvx8clqyysjgxft7ktz9e5hul67srkj,LUNA,52936.0471479696
7009137,sif1sc9h4dlftwqv82utj52xfgrv0xevuwngcsygyf,LUNA,335.969476419714
7009137,sif1scl2mqjy4l3znpna6pwvmv6mlpqshn5vc26zrx,LUNA,7025.3508308251
7009137,sif1sdayr8fprg0pmpguzg037wjrzt7grk7ls2us4f,LUNA,91.2525550940088
7009137,sif1sdqg3an2w8rrk6pckchhlzsm3l0afvkqj368rh,UST,4862.66182070379
7009137,sif1sdugz4jf590flvcxtsxll7nhp7acl3ev0ettl0,LUNA,888.219382233847
7009137,sif1sghqztvgjv3ug6ltpvvwwyhpt35u7hu842umsj,LUNA,91.7020457852242
7009137,sif1sgn972ld90az98cekp5mkpsn7al6lrumqp07ky,LUNA,77414.813783474
7009137,sif1sgn972ld90az98cekp5mkpsn7al6lrumqp07ky,UST,3.18685781033489
7009137,sif1she3mpp43kq8jy9e938etvpr9tkndvhvlx0sdm,LUNA,761448.891762323
7009137,sif1she6ppnfqlpalpl97z4rdjaaqz5htpm0q4kr9u,LUNA,4701.33235317191
7009137,sif1sj83j5kzpythtc0w3f5qp7zdkgna23dc6s3zlq,LUNA,5662.75777766717
7009137,sif1smfzcpmhcu6t69p50js48ch6mt7h6z2dcxxma3,LUNA,44020.9329503543
7009137,sif1snfk76yqeg9gcsjnk6gxqzhf29xz7pzqu3hxg4,UST,17.6482064624152
7009137,sif1snl8ch7qslmyth65ttmzpg83fhwuyej0j3lt8w,LUNA,2825.5077796802
7009137,sif1speeh4rheca6shmpr6j924qr9wmwau2yerah6w,LUNA,25030.1775984902
7009137,sif1sqgwwcfs47t3caazzj79xguvdlrhl0tr5x8tca,LUNA,4060.69036286701
7009137,sif1sr0lw3rnl4u3zz7hxrek0pp26hjhapecxgzjte,UST,30.915222389461
7009137,sif1sr0s7t5vskgkdeuqw47zatvdlhfhvuwk2e555d,LUNA,1326.84769508313
7009137,sif1sr349t9jtml268utrqsddg7054u5f44d2fn6cz,LUNA,805.414620464339
7009137,sif1srls4g4vt7dwyv7yexlnd64gz5den3wlne2mcl,LUNA,225798.51635848
7009137,sif1srpf7uc3v5kvlkcyucd0txn7xfrr3n2a7jmqvw,LUNA,11099.0807508354
7009137,sif1srzlkuqsa3a8p27ww4wm4xhtzgeqsrr8uzcelg,LUNA,13460.3282352975
7009137,sif1ssyg0hpmgyk7w6kvess3pjtypn3pjqyqmuep2q,LUNA,12007.9801478454
7009137,sif1st9vxnrc360qxdchnwmngqzytamra80ud6e2mz,LUNA,138.854671470796
7009137,sif1stauvku3ffytnpaed5gwgq4epww9d0e54u2kaq,UST,239.49593947124
7009137,sif1sv9fqr3lz6fhn5csjy5v2ydmqwhd7ld7j59deq,LUNA,3590.86977485786
7009137,sif1sw0dtl36qklkgzustzfqhcya0s83t08yukl3tp,LUNA,52.6007076238583
7009137,sif1swkuvgvqlq0v5cmn6l5fqkdhjty56qw2r9f0wu,LUNA,579.38029420918
7009137,sif1sxfgjv0g5rvwvdsyk9kpthwd3wfq36hnh0l9sw,LUNA,2915.17041453752
7009137,sif1syfj4z2enee7ddkcjzrqkkwrt550l3hwpvs0k0,LUNA,2097.5427589769
7009137,sif1szrvjjezqddzftmlkfg6uv4ytf8yuz3erl23s4,UST,46.7585211559804
7009137,sif1szrz4387x8ljvtehplxc76qp0da8v24ll0zn42,LUNA,135028.296661214
7009137,sif1t0svhcmj98ua84vuctrh28y8uxc0tkcstsvy9d,LUNA,2096.58712538298
7009137,sif1t2t8uc9cktykl9hq39ue40pjhjx99qc4ah570q,UST,48.5387998259475
7009137,sif1t3lswkrmz28cl9l23580yegfnr88ds2zhfp0fr,LUNA,3734.8318449976
7009137,sif1t3ufdhqskv3qy7zjhd044xtxdxcngmeg8uxmgf,LUNA,188895.236336271
7009137,sif1t7jzajfcln37g0qydx7h8a58axvw5j26aj6anl,LUNA,15226.6144906543
7009137,sif1t7x2ej64zvy9vl9p4rs3vdgun6cqzkzadmzrck,LUNA,53356.8016942342
7009137,sif1t8k4drpftve0ugvktnlaa85fllxahgal48stq6,UST,0.112615103856957
7009137,sif1tcpmk8ztqs3f2rsu0yclzcnqjs7wu7pdglfjes,LUNA,253.796620239933
7009137,sif1tf469h0esgzyjr6q309vyayvaq5xk2whr7ply3,LUNA,96946.616672114
7009137,sif1tfyf99wpq7g5kxw05750xuf7xnnn7qudeyr5sm,LUNA,725.637995346519
7009137,sif1tgpncrgvmfdr0y99gvz2ychzan7lhzncnz8ca8,LUNA,8175.66354478356
7009137,sif1thvncfatxukryyceuqxh5fzvxa57sj7qt4fy0t,LUNA,12733.6377881411
7009137,sif1tj9emewnt3w97yhwquecqcvjn0sw2wwwqxvnds,LUNA,24876.7517805035
7009137,sif1tlh6ps69usfw93q4vg4029j35zsfs9ckzvulxa,UST,7.68203570313841
7009137,sif1tpl8dqyfafpc0g8p04ak3ksjdyeqty6r2m5dyq,LUNA,373.621502686241
7009137,sif1tplzhg99v2zcfn8yj2na7v40vgh2zne3yewqa9,LUNA,60501.8335657272
7009137,sif1tplzhg99v2zcfn8yj2na7v40vgh2zne3yewqa9,UST,2361.93669103116
7009137,sif1tpthjg3qx0ht4nqzcyu662n90qhekxffdywwjc,LUNA,2276.21618403981
7009137,sif1tqgucd38fzneuw79ng7l9lf6cu2uz8j9y2u5c6,LUNA,34283.2985726534
7009137,sif1tsmdvsd3d8fclvvl4kq0ket6npkpq5dp7y33ee,LUNA,208139.082276217
7009137,sif1tssn2p84q6xef8d9aht885qp0kfhtzjrqysmw2,LUNA,16976.0341331556
7009137,sif1ttnemfwnwdexf98tk9rnlzuftwjgavu83gscfy,LUNA,213327.421988865
7009137,sif1tu6qyzl8cdfuun2uspfx7kmfn7ft0sqpgyfz6u,LUNA,3.1655191087436
7009137,sif1tu70q0j4y8gv8qpd4e5dcued4vvhf3j299lfat,LUNA,341369.11544052
7009137,sif1tug3p667njqqlgup570uurdk8mvy3tyy8nfrnt,LUNA,2759.84555108843
7009137,sif1tygmpjmq0vw4h6m5ht90vemx6eghjvfkhj27tg,LUNA,19975.878402635
7009137,sif1tzkfpr0pwrqn7dz6pm9gpun9wv9ww4f87x55d9,LUNA,1116.5579608678
7009137,sif1u0yj697hac9pjhcrhlp329un47f9xqr39y58gk,LUNA,14541.6565578248
7009137,sif1u3753gufamqp2ysa356amfjhly2y0jkuktfs2f,LUNA,377.352989384053
7009137,sif1u3mxk2qz07uen5yxe6n87p2qch7tsc5n0qew92,LUNA,5959.29074527528
7009137,sif1u4evzl5pu3fj2s06ga00cfy3s5ku96zfh6t3qk,LUNA,86896.4739662592
7009137,sif1u4lg0ew452wh9dpa2768tcja8t06d5jhvz6pkd,LUNA,26.4051839180907
7009137,sif1u7dnl53h955vz86g9dzu0er5ufg2zscpz4gdvm,LUNA,17516.4269816054
7009137,sif1u7fhaqeugqk779nhmfp5wsay07sf2rut5wup8s,LUNA,3952.41692280226
7009137,sif1u8xff6p6p4uunrpha6m7fskv6j5z49qhflqeja,LUNA,8666.534631964
7009137,sif1u98zcdstlq22vtd05au7xxx7mvsjfw9k3njfzg,LUNA,3083.37253814013
7009137,sif1ua58fyeup9mfvpv3lgqj7s5kcx8urfhnkqalze,LUNA,73777.4652336179
7009137,sif1uaux0dl3gh40y9czng2eqn2d52uu8afv475vcy,LUNA,23519.306652374
7009137,sif1uc2ngzmm94vgkg52npfku3kqcwwcnnnwchyd6d,LUNA,4654.38906783037
7009137,sif1uc2un2zttpvpdfarcjtyp382sszkv8zjqppjp4,LUNA,883.253568027641
7009137,sif1ucj0y7gmzmpery0jwx47jl34hnmx4kgr3x6dpk,LUNA,285989.817997376
7009137,sif1udt6ksnqwgvp9krw6d8vla7y7qsvwykmrmukmu,LUNA,7290.33738978511
7009137,sif1udtel893vw64fcexv0r0q7sd3qm4kycrzygapc,LUNA,245055.492894764
7009137,sif1ue6qhv8xp760d8ht3fp20rnfs7wg84tgxee9mk,LUNA,5151.28613198662
7009137,sif1ug4mm9qr0qkkymyhvev2v3n8l6hxcaanxv7pfa,LUNA,79491.3434460056
7009137,sif1uhw9f4xpyzfqktjx9w6phqlg8yprfzf6fn9csy,LUNA,137274.417245511
7009137,sif1ulr5atulu60r402kuqf44qu0vv4d0530z4ku9x,LUNA,292.114825153052
7009137,sif1ulr5atulu60r402kuqf44qu0vv4d0530z4ku9x,UST,14.0469452189873
7009137,sif1um066t8h4g6cc3rvwywnup6w0sf4rnf25xek33,LUNA,4474.77261019272
7009137,sif1unc8m95em9d8d6p56qe6fwlzkmr550768mkuzr,LUNA,3147.09193071724
7009137,sif1ups8pwf6u5zz6ttl9rjkze96lh2hxkrnu2w8ey,LUNA,55098.6206132359
7009137,sif1urcxnkm38v65pqw5h3r5l3cyetce0wh07lgjx3,LUNA,45275.4940912052
7009137,sif1usckzz6h4fkcknv4nkr2apqs4c4fwzc52wwl07,LUNA,63186.0761525835
7009137,sif1usrgyu7aul0pns4nltdwl2saxg67ckylna6v79,LUNA,1111.86263610776
7009137,sif1usy2932nlw6t7f6m9fjevtgxkdzdfh8fc9ajk6,LUNA,73.4430616805874
7009137,sif1ut8lyna3scnqrytt4y708rsvrkhqjt9g9rhe6s,LUNA,6695.56260572251
7009137,sif1utq63yn02j34hx00jvdeuawd5srerqnpl52plq,LUNA,2327.34712998895
7009137,sif1uu2c6hv7tlhawcdlx6gpvmttsvnke5g0ra29yr,LUNA,29434.0705972408
7009137,sif1uum2f8jpzfuacnkex4wy654e7shst4eceymd9f,LUNA,288074.769782359
7009137,sif1uutayxhyl8pwjs0ezwjlejgzxr3ysml7jwaael,LUNA,6800.96064424695
7009137,sif1uvawzxzm5hw2yyflg4q8vq223432566s9s2cav,LUNA,1519.24946501616
7009137,sif1uw69p7n9xk23yfv244nhm2yzmp8yva6y09qxad,LUNA,4268.59746382304
7009137,sif1uwvcwpna5hg89hpxr0t2tfgnjxqq2mkxyhlarl,LUNA,1572.02438229488
7009137,sif1uy6h7kdmvct4qd4kn5ssnly20ygj85y3ul73pf,LUNA,17769.1576882278
7009137,sif1uz6auw9ey28pp357g47j9a7q30y9m8n4n9xmg0,LUNA,291471.095538228
7009137,sif1v342z02ajcaqygsl27wt4jgz2zv07lzcqhqwzp,LUNA,13460.5927676678
7009137,sif1v38mvz3urn33e3fz70dq4aavtew6fvmxxtncj6,LUNA,415.718075262413
7009137,sif1v3a2665wmnwjjgnfxdq538sr650ss87m6nreyk,LUNA,5716.14877899575
7009137,sif1v3fe3k6q3efxqm6dst7q84vtkcgj3s09e0hha4,LUNA,185451.661699083
7009137,sif1v3fe3k6q3efxqm6dst7q84vtkcgj3s09e0hha4,UST,83.5325294450682
7009137,sif1v3v88mjkgk3dgyzwyp5kykutvenmcp9a6h4qwe,LUNA,5219.53998991414
7009137,sif1v4fmref6x3htlunhhz0qvt96h6xhpk0lexhyda,LUNA,23479.850853069
7009137,sif1v4gq9z4hsf5ma6kfs3mvu3jlyrwz3t84rn3l7q,LUNA,1860.97335176455
7009137,sif1v4pmzgjvymfv2vwncdg00zfpa7ttu9yw789fsu,LUNA,2583.22423792461
7009137,sif1v57jd3da9wax4cuqkq7lca5vuk72uy8jxmcapx,LUNA,1048.9319070684
7009137,sif1v5xjz279t4244lk9rpaupnxl7v7rnsp9cryjrc,LUNA,7222.25487264536
7009137,sif1v63q6ckkym7znwmey36gzc0tzzrapckmys7aap,UST,2606.28196283472
7009137,sif1v678x36kjnv8500leeg54s5r3u4z9dqpgmeemw,LUNA,7112.13022138028
7009137,sif1v70j35nmezkpetvfjdktvgq3fefyj8qlmjqe6k,LUNA,39.4025603243058
7009137,sif1v7z8cd3ejz3f4f59hn8y0ajcfumhjetyjtsvak,LUNA,226166.611787947
7009137,sif1v89s8e6rd8h0sm5h6k2qd4q8m2yehaug4mzv4d,LUNA,2468.3695108946
7009137,sif1v89s8e6rd8h0sm5h6k2qd4q8m2yehaug4mzv4d,UST,63.9870640116814
7009137,sif1vahs32n98dmjavv2mtw2huducjwuen86tu8wfd,LUNA,43850.5493734591
7009137,sif1vaz4g74v97t3lajph4cym2eksfz3xs2mdk33su,LUNA,82.9725590616988
7009137,sif1vaz4g74v97t3lajph4cym2eksfz3xs2mdk33su,UST,3.67296804602233
7009137,sif1vf7la07q3n8cdc236mp3g0shatdqxdp8d0guvq,LUNA,10157.1773576464
7009137,sif1vfvpusv6tpmc84pcvlclyrsk2yf9tycv0wrn97,LUNA,1454.84251402564
7009137,sif1vhjht2alpcavq38gtxuejk8aglnssz90ef2j3e,LUNA,61454.9993322429
7009137,sif1vl29tyly4q6e8kdt2dvnux0wy6llkqfkxnt9tm,LUNA,16764.6495810381
7009137,sif1vn0yf4tarvrn7929ar2k9yhuttf0c494ynsqtn,LUNA,4489.9983315177
7009137,sif1vr5n29g8z24qfjsswrxsl9vg95faep4hkfcvey,LUNA,44065.2965458699
7009137,sif1vrml8rkxcstrneqv208wmd9f3yd5uwkw4pfm3y,LUNA,42332.1471928857
7009137,sif1vrsdsrl2gnz795jx46f6x7a6fhz7k769uz887t,LUNA,8284.87631498531
7009137,sif1vrua2sp49afxct7kzgzrjx7dhq5hc77mypt2yd,LUNA,515008.917909023
7009137,sif1vs83na328g76vytj49pasd0503vmaeqfnv7w4q,LUNA,182381.266758666
7009137,sif1vswxpd7stuulgyu5q8hzqn8cmn54kfzdwg5xc3,LUNA,18443.0696437357
7009137,sif1vu30nvfg2wwgdk7fcl5cj9ult3ndns4c4r66fc,LUNA,3697.36950759622
7009137,sif1vunp7l3zdkfwrjnurf635hhsp4gxfnqqmvr0dl,LUNA,8000.80392231097
7009137,sif1vvwuj62k5sp3vfm5qz8wfcfe5gmqkz7ud0tquy,LUNA,3402.94890805852
7009137,sif1vxvmljtx0eyt4uk8ywuasvx8j3l2e8ll2pkmjv,LUNA,28730.2728624515
7009137,sif1vyh7zwu4jnt5hlzxkmunmgyx0y8gwjgdtnevrq,LUNA,660501.620864032
7009137,sif1w2z9qg98p8zpv7379fhkx0x6jgg44x5vajp5g9,UST,5.36408636581446
7009137,sif1w3dgg0tsunvjmgcd2zfzwhhl5nv60h8zqlwzfd,LUNA,1106.10928067039
7009137,sif1w5l6t5nhkq9lkpjgaaz6m4sk4380mt8vmvlst7,LUNA,10836.296041872
7009137,sif1w63ls63fyt5zff35zne78aduwtxqwuzmhjg0p0,LUNA,172.870310976039
7009137,sif1w9fe863z9kaqmessfujrpusn794np65eelsn2y,LUNA,590708.382071165
7009137,sif1wch38eksquymsky6trjcaes7pjy4fdwuz5cknd,UST,6.11535413676349
7009137,sif1wcnj55flkwylm5fvvkfxns23s9jpy5fc8hzd6t,LUNA,551.088021934043
7009137,sif1weucm4pws9fyj2vvmw08q9k26xgyzc4ak4w52h,LUNA,16516.9773264868
7009137,sif1wf7tcypfjnf43kenjfh6n9ukar2avtlpjavg9d,LUNA,17280.2081999528
7009137,sif1wfedrmhxhyhgkg4qn273fqrpwk966dkwjgk455,LUNA,379293.262250416
7009137,sif1wghfc6ezp2antqnqu9e2arpxwck8dpyx59vs0s,UST,207.392956450024
7009137,sif1wh44dywkzrmdxysxs83l4lzagd2rq9w6gfmvea,LUNA,2186.93833736984
7009137,sif1wjn7ddwqft6ztmxxjugv4a57l4f8wadszd53kw,LUNA,5452.17072984531
7009137,sif1wlfyh0wenwehd753z4r3c4fn6gvhakunppu5lj,LUNA,106897.149207111
7009137,sif1wlyq2xtmhvnq3jq3f2dvcdl6ph06zjlkqqazah,UST,1.80048584284703
7009137,sif1wnfz8rxmljpqkyhd4pa9vy5u785ucecau75aze,LUNA,110718.235490855
7009137,sif1wnpvr34edlzw90zgth6j4tkzad4ewuunc4u2y7,LUNA,5494.32795163027
7009137,sif1wnvzqd0xx7hd48720tgryr5tpkhhrkpzuusw42,LUNA,146398.714469918
7009137,sif1wpnshrmuvdk76ra9hsq90dmh66a7gj6xjxqwx0,LUNA,69.4224587492313
7009137,sif1wq3dum094zqa0dth9wlvllt9z5zmxzp4c0qw3w,UST,2.57199635753521
7009137,sif1wqga4v4nc77zah2n6nc9y0cdsu9hqcv46n4t70,LUNA,27881.7408111263
7009137,sif1wqphgxlxt5f46vyrqdgraxk2045mmlgvcrr79v,LUNA,110589.696145562
7009137,sif1wqtsfjrkdd6s48dn2545ejvt7kerms3nj3eumj,LUNA,198936.828362922
7009137,sif1wrfcjf0mhja3rt4wmyp4l486gwayacudxyltw6,LUNA,110557.612383191
7009137,sif1wtvvnpmwptwdx6hym0fgjaj09z6p49ax7z0y7u,LUNA,13100.0660997887
7009137,sif1wvlj6lk49dp3qk0lyvt49dc5u6266ycgw93jdq,LUNA,4260.96365571471
7009137,sif1wvrsezctzfcsst608lj4t30rr02rjx8sv49ejq,LUNA,41744.8488760461
7009137,sif1ww2uqd0vq3dlj36zfz2hy7utzvlkdt23qq3k2m,LUNA,46877.0830656989
7009137,sif1ww9k3xpereeq5ed7dgng2wewl0s9kv4fkfy0xz,LUNA,9719.95780005367
7009137,sif1wx6qsqpsgmjez0rzux825efyze4d505dnht347,LUNA,607.535494330793
7009137,sif1wx7gpnpfnaf0ajs3659h67ztwlupl2z5r9yxwt,LUNA,4412.1128420423
7009137,sif1wxzs2sxee0e9rzqgl4dz988yegaketd74ww9f7,LUNA,13466.4591447198
7009137,sif1wzf9j2a6ka57ke8aj69hq8u2updte7puxsk4h6,LUNA,10263.4443566959
7009137,sif1x0xtd9a6mg3rhc9v0yhtsugdlkae63e63cdrff,LUNA,33215.9085851908
7009137,sif1x2j4w3xgfkfvlm6uyq6sl2w3pqxzwj37k8tx2f,LUNA,20555.8029289445
7009137,sif1x3dvu2xr4cugpnxtj68amkf4eytdzvuhylcu39,LUNA,84291.5276249601
7009137,sif1x3fa5rtgzmzx60ffp8e2u4xl84f8e9vgnuh3t6,LUNA,3332.56125811295
7009137,sif1x4zqjs7t5vlcmwk8esknxyv5xm0tng2relfh5z,UST,3.06300144009587
7009137,sif1x58ve32e0puzuxd2nyf5e3hp8zz90nfasa26uf,LUNA,82861.9467516728
7009137,sif1x66l9msmprcdc5utul5a9lvq8x23s2wmjt2ug5,LUNA,43896.4193963387
7009137,sif1x79yy4el4xjd0n8nqpse7tlu2a4pzzpdmm54qe,LUNA,1653002.21192191
7009137,sif1x985cxzzhwfm5qxvff5ps7jsp53awq7w8mgjls,LUNA,1192.3323075052
7009137,sif1xcy7e2k9kdwrhrtgfuy88yly5cj4nx6ze5m8lu,LUNA,3097.96469207554
7009137,sif1xfj2fzgq2xaag7xuy4y6yccdau6tkfv5p9f00x,UST,56.3327782118306
7009137,sif1xfuras3838c8ln3xkmzs7f5kh5m5c6g9e9yzwk,LUNA,123.623685734811
7009137,sif1xg2a0yj5t2d9twrsp8x7lw3edwytfn3xatnurw,LUNA,11596.8054902222
7009137,sif1xh5avq9u28fk3ytaqe5zegx4ktpfv72m985ykk,LUNA,58.6682209888375
7009137,sif1xjf5xscdk08c5es2m7epmerrpqmkmc3nkgke8u,LUNA,900.508784717441
7009137,sif1xjye8au8x7kj8yas6xu6erxcr7v3ghzrvhssgf,UST,53.4755226828479
7009137,sif1xkc2gt26dks8ul3r5letfkafngnh4kgzhvg7sx,LUNA,399890.411509795
7009137,sif1xkcetfj6f634gpwn6y5dzdllyk3qayccm9eqgt,LUNA,59759.0068381495
7009137,sif1xkyrpjyn4sfpc98hg073fre658qyd2rrnut059,UST,5.67258401415554
7009137,sif1xlf0z9m08693xcsftnpquwtl5xdnrk60l0k0lr,LUNA,12555.550188751
7009137,sif1xnhfkscfw4p5rxtn6jvlkhjzguway9htt4h7fm,UST,1729.63114997914
7009137,sif1xp9vpjdzx08uh7llkl46upc3cefmn4kpc0zq6d,LUNA,1474.06171347499
7009137,sif1xpayr902xj2mzm3k7j3z6sqt0mqg9hr3pssyq0,UST,14.2106314795713
7009137,sif1xple9fv3yze6hrjdcwa4n87llrfxg7eta976vc,LUNA,32960.6347923014
7009137,sif1xpxczuwr0x7tsnt6q2l7ke4vvlz7medpqq64n5,LUNA,365970.49744873
7009137,sif1xtrk70hdctwnc93wzyhnjm2vd7pxv3clxfjhqs,UST,23.96478825336
7009137,sif1xvchysdf5caah96fsu9japqgz5vl3ap5meurly,LUNA,7466.08495489618
7009137,sif1xvp9czehyygdmfa9y67euhjup0pw9jk0r4wqvw,UST,13537.421028061
7009137,sif1xvtwsglmc0tzwzr5c5mklmt6t0pttdhrjaey8w,LUNA,17852.8488752611
7009137,sif1xw0axlne6y0a7f3v2mg9ndqr5qfrg5pz7yn07s,LUNA,6144.22755147075
7009137,sif1xxnj4uexg2550ypzkp0yep6wxy7kz07r9f8yyf,LUNA,1296.95848244135
7009137,sif1xy5a4wwpt2z6dkls0suu6hgx9n39fypn3em4mx,LUNA,1442.76990633462
7009137,sif1xyt8v7m86fufqykeg630xs6m0zmklch9su0mwf,LUNA,15400.4590704706
7009137,sif1xzj96l4uct68nx5nxkgdycry50f3g2may37xcs,LUNA,4596.67087811917
7009137,sif1xzpsdlhsxz3su4g2egherrknlllnvsq4gyw0s9,LUNA,820.601487391493
7009137,sif1xzvgtyf8j9mmm2xas8dgazatrwdfqael37cdlq,LUNA,60916.3046920772
7009137,sif1y0y48wnu2386z9skgljk3xfwg83kgkkvu3qwgl,UST,610.086437057178
7009137,sif1y0zwcy7ph4rdnj9q6fpdnkaqgjadvfphup4eu6,LUNA,1712.4311903534
7009137,sif1y26jrasx80rw8u32m0u23z8esu3rsfc0ga6gka,LUNA,4000.45883313642
7009137,sif1y2cwlyj6g2t74vrt4t8haxkpev4kacqk797w0g,LUNA,7548.8277264331
7009137,sif1y2cwlyj6g2t74vrt4t8haxkpev4kacqk797w0g,UST,336.20130271431
7009137,sif1y55t9428k08f39qkek0yhe0w4udxtueglcnh5f,LUNA,2164.44414820981
7009137,sif1y6fegmcaz2rrzj57s2r5lfuygujkp9axn0w3px,LUNA,2.82054953772675
7009137,sif1y7m4yq7w3jlr5mekknt0xt4t7hs2ljmvzukat9,LUNA,2769.51013607107
7009137,sif1y7mh5e8aw0vfqsm9j6x2c9e776l52uegryctl4,LUNA,7209.4661839816
7009137,sif1y7tc6g66ewgkux44u5htnyje59p4mnj2lehyfv,LUNA,66143.4879785242
7009137,sif1y895wujvctese26gylm74e4wej9q3r40hl4wj6,LUNA,44464.6338243662
7009137,sif1y8s9maf6r9y936x3gccns3q93qgh5tu0fsrm2z,LUNA,20624.9685236721
7009137,sif1y8wgseujtad9q30qslztj7ue75pq8a8kfj977g,LUNA,1082.10088188215
7009137,sif1y97el8ghj8cn79kkas9v8faj2hunghacnvhsw0,LUNA,220.368679827221
7009137,sif1y9k429958n4yluhwr8c96ej8f6p55q4pfehtg0,LUNA,126682.29817716
7009137,sif1y9na0yxs4lgse025vvdx9vuz0a5h4gtxmfz3zz,LUNA,45035.8091829248
7009137,sif1yahw0jt9609n7qm0ygtktx3r8etgrtdg9a6xun,LUNA,2164.59221437201
7009137,sif1yar6k9z6ugmunfl536ljr6wlhwjdpd6jyvqtfm,LUNA,323.383191115071
7009137,sif1ye9wnueczdxmz2zpzl8kmw00wfl65665ycsuts,LUNA,2509.9234181328
7009137,sif1yfaqm2zu42aqgk6t2tedfx4u2z3flkcg6xj5wu,LUNA,39997.1771425077
7009137,sif1yfrtwaaxcxsj0nn7kljm7af0gkj5xhmw02gu05,LUNA,55702.77098055
7009137,sif1yg9gnhf2w28m0n78umqupvst9tdstana6hqdr4,LUNA,43355.0528405039
7009137,sif1yglld3aary7lnrrn2dz7la84kmnmen4kvk6yya,LUNA,6982.58409076318
7009137,sif1ygt5q28smu68ltywdkamwa57ps7w8vvxlqyrgj,LUNA,9423.99106392699
7009137,sif1yj6rdjwcznwuckll8nl328czyqn9sk8xvxr8fm,LUNA,348.880359075077
7009137,sif1yk877d8cglr4c3rywg7ys7qcp4u48kwd84qym3,LUNA,1794.09588289015
7009137,sif1ykgrpty2nsfyrr26zdq8yd0q9m96g09kw0wuh7,LUNA,45524.7630618801
7009137,sif1yldxrx7960kx3x3qxtgvth3j428rqe0qv474gm,LUNA,9466.92795927252
7009137,sif1ylga4e2vvu8rys50c04jmtq7d8nj2wllltgj0s,LUNA,112343.679271635
7009137,sif1ylkfunfehy5eaegcgv46d87yppfxh4a94fmmap,LUNA,10382.8269646832
7009137,sif1ym853mxulc76h0a2t8d8t90p4r4m46263a843h,LUNA,30148.4567614851
7009137,sif1ymenme7jm2h9duz73g675jztfwt3w40rhek57m,LUNA,25.5059171242477
7009137,sif1yp9662uvaers3sxxye4crmvyx05npszpvyp4ru,UST,13.1325039986115
7009137,sif1yp9shec2ydhls0rj0sk8xudhqhv94c33h64tw7,LUNA,53454.9264738067
7009137,sif1ypd7etjp5qrxu3vavndpl5r45g3znrv7h79962,LUNA,762.569546975693
7009137,sif1yrkprsf2qtq3rwt5y35d09rr07ydgjsm6r463f,LUNA,3215882.07348076
7009137,sif1yrr7gkveqyrf7w9j7yz9dx79uvlxfml04m0thf,LUNA,197906.456596416
7009137,sif1yujlxyhxps3sdmx6hcysgxg988gz4639g3eyqk,LUNA,106337.481277832
7009137,sif1yuzy0tnj7w33csrh8dflt682dlefgt0977edzq,LUNA,282.889342009729
7009137,sif1yvg5fjzk7r8et4wmy4t54qeh6zm30dpc39uk9r,LUNA,17197.1985367957
7009137,sif1yw29834gwwk2ng3d4u0yelq88y83ptafcq6xnf,LUNA,30510.3182151488
7009137,sif1ywwr6elt0h2v7stjzqf3t7cceqd6njk58axkzs,UST,0.628766702066082
7009137,sif1yxa09lpyh5mp020r82qvwhuvtjch5pd3ru2l09,LUNA,34.3323242216345
7009137,sif1yxh3d87g4huk97c9tjgldv87lc5fe2avpdpw8k,LUNA,2834.24103772869
7009137,sif1yxyfrazgzana6zmgtk6m7z2ssw7q47s5l9cdq5,UST,0.0000504272691015456
7009137,sif1yxzj5kasyq64ar4vk8ejnfppgzxt207ycan6w3,LUNA,2863.60967466507
7009137,sif1yyuwjtvl7kcrt7rzqgzt7plxfakym3yy55285s,LUNA,12968.6121472961
7009137,sif1yz2rr02gq9889gdz7emeu5aadqdumq078nf5rt,LUNA,47.7951642834671
7009137,sif1yznpw8cmgetdvrz76c0etpsc8fa8asvvhxemwt,LUNA,5473.51220005843
7009137,sif1z07w0afvn8vu8x2vgyej75wlqjgajjjnvd3jf3,LUNA,19222.5977683496
7009137,sif1z2p8yxg9282pvyehht725l48w8qkpc8us0qupv,LUNA,6463.31986715729
7009137,sif1z2s6zszgk5kwpnuyvjllnv7v5wppf7lqu9syt7,LUNA,4371.51639047724
7009137,sif1z3dd7dhpgppnh3gls6us64wecypu2s4v4qhr5v,LUNA,2679.66941164697
7009137,sif1z3z365lydry32xghj9m8gt62mvddl55g3qzzcp,LUNA,86.8733002126487
7009137,sif1z5sp4scnh45jxp4clpkx6f35dpwdz43jm4qm50,LUNA,822.815317475731
7009137,sif1z94pggc3tpapmx8uetnlle7ysz0de6ay5musw5,LUNA,39026.3692219206
7009137,sif1z9aj8g2sgmd2e8m45jgqy8lugf627s2gyaq3gh,LUNA,31429.2006768841
7009137,sif1za97hsznnpmppm2jxkmu6p0k4wcdlhkrlcpspl,LUNA,2062.32857994958
7009137,sif1zdsxa7lv76z9wsdxrj2ptcesk29c24w0xsjc0j,LUNA,13919.0973676589
7009137,sif1zdw7e29f5gg2e0ngakfrw0e4y8uthpwvrfwyw5,UST,0.958208388046933
7009137,sif1ze2ye5u5k3qdlexvt2e0nn0508p04094hjrdfv,UST,0.0152622460095904
7009137,sif1zfkwdcu9ggcdg884juvj7fpxdxlcd67r6r5mz2,LUNA,221454.010851147
7009137,sif1zfsgfuacp2fprk6xwgyku3q4h3nuxnaaw4h8ca,LUNA,339.752390973866
7009137,sif1zgpn040n5prjwkvr509w0vgv4wqcrauqcth63k,LUNA,37711.626572344
7009137,sif1zgy7cr0p9s0lzkm4klsw8jyk8ya8qj5wcyv7u7,LUNA,393341.524488044
7009137,sif1zjtvs7na8mck7l2cyhdt8cnz2jzusxtdf7n3jd,LUNA,14121.6536423313
7009137,sif1zk44mzpdjkhgpaveqptng3ere7sa3dkd3w3gcc,LUNA,2041694.06845943
7009137,sif1zkh736hh9mkmpa37mh4qdsm07j90c3za9ay4dj,LUNA,104194.441950087
7009137,sif1zmk6sh6ahvg6wt0ckqvdxuszm77jdpk6gvqfxz,LUNA,59764.6960084856
7009137,sif1zpn5xhhevxnrh230utl00hh5ghmt273jtv78z9,LUNA,400.24238950284
7009137,sif1zqg753ll6zf85nzml67ure8zqqkpyvw83mfjm9,LUNA,374.888048993955
7009137,sif1zrsgzz3hncw9ld85wuv7ysse79v32cuqxvwutl,LUNA,68.1983648292509
7009137,sif1zs79e7ascer4j3he5dzvzxey3hkaa5p2s3ymqq,LUNA,4091.43396670395
7009137,sif1zsj6xa2td03ccyya4jxeyvrxmvrl84e5mmtf0r,LUNA,1823.4978284504
7009137,sif1zujhphf37s3g6kd7axsuf7w85m23y2r2k8aa86,LUNA,20187.4338314028
7009137,sif1zul3dxxrxg3p6ttttg3j6dx9gh4h4060rywje9,LUNA,26505.6240444556
7009137,sif1zv0nu0xkxvwykafdmf6hnyzw8jcwtg5rxyzd3w,LUNA,226.745859507703
7009137,sif1zvqlvlaz2adxa2z4kw40rx0n5cx83p03y382p7,LUNA,5513.88645180382
7009137,sif1zx42s0002cd58kdqnq93z2rlnju6dgv5735c9e,LUNA,29.4973125689074
7009137,sif1zzdw4gyuys2afex32jgfm4uhkgxh4rdm2d8mwc,UST,2.13453851263321
7009137,sif1zzqe4trw8mfle69qkn9p35twm6pa9l4rpzkudd,LUNA,90174.0521554337
